Vorname,Nachname,Strasse,Stadt,PLZ,EmailAdresse
Christian,Luft,"Fasanenstrasse 23","Hamburg Langenhorn",22415,ChristianLuft@rhyta.com
Ursula,Konig,"Alsterkrugchaussee 8",Wilhermsdorf,91452,UrsulaKonig@teleworm.us
Karin,Fiedler,"Mellingburgredder 93",Dormitz,91077,KarinFiedler@dayrep.com
Johanna,Koertig,"Pohlstrasse 74",Denkte,38321,JohannaKoertig@teleworm.us
Robert,Becker,"Fugger Strasse 11",Dessau,06844,RobertBecker@armyspy.com
Leonie,Grunewald,"Prager Str 78",Andechs,82346,LeonieGrunewald@dayrep.com
Martin,Schmitz,"Sömmeringstr. 9",Hagenbach,76767,MartinSchmitz@rhyta.com
Erik,Gloeckner,"Alter Wall 54",Thüngersheim,97291,ErikGloeckner@gustr.com
Tim,Brandt,"Bleibtreustrasse 53",Herzebrock-Clarholz,33442,TimBrandt@armyspy.com
Sophia,Wirth,"Augsburger Straße 39",Waldbröl,51545,SophiaWirth@teleworm.us
Andreas,Hueber,"Motzstr. 66",Guldental,55452,AndreasHueber@fleckens.hu
Max,Bach,"Kantstraße 96",Burgstädt,09217,MaxBach@jourrapide.com
Maximilian,Trommler,"Lützowplatz 45",Densborn,54570,MaximilianTrommler@fleckens.hu
Tom,Schmidt,"Mellingburgredder 54",Feucht,90531,TomSchmidt@fleckens.hu
Dieter,Schroeder,"Hedemannstasse 5",Münstertal,79244,DieterSchroeder@teleworm.us
Nadine,Kunze,"Augsburger Straße 69","Witten Herbede",58452,NadineKunze@rhyta.com
Laura,Sankt,"Michaelkirchstr. 45",Bückeburg,31675,LauraSankt@rhyta.com
Wolfgang,Mauer,"Hedemannstasse 43",Ostrach,88356,WolfgangMauer@superrito.com
Mathias,Peters,"Leipziger Straße 81",Walkenried,37445,MathiasPeters@fleckens.hu
Markus,Friedman,"Frankfurter Allee 23","Karlsruhe Innenstadt",76133,MarkusFriedman@teleworm.us
Ursula,Mahler,"Am Borsigturm 54",Krefeld,47799,UrsulaMahler@rhyta.com
Lisa,Gottschalk,"Kirchenallee 59",Achslach,94250,LisaGottschalk@jourrapide.com
Simone,Weissmuller,"Lützowplatz 29",Ollmuth,54316,SimoneWeissmuller@fleckens.hu
Diana,Kaiser,"Koepenicker Str. 38",Reitzenhain,56357,DianaKaiser@cuvox.de
Sarah,Fuchs,"Lange Strasse 72",München,81809,SarahFuchs@superrito.com
Sandra,Ebersbach,"Rhinstrasse 90",München,80733,SandraEbersbach@gustr.com
Luca,Foerster,"Luebeckertordamm 46",Iphofen,97344,LucaFoerster@rhyta.com
Leon,Zimmerman,"Brandenburgische Straße 61","Berlin Karow",13125,LeonZimmerman@einrot.com
Ute,Schweizer,"Alter Wall 40",Fellen,97778,UteSchweizer@jourrapide.com
Kristian,Sanger,"Wallstrasse 14",Laubach,35321,KristianSanger@einrot.com
Wolfgang,Wulf,"Brandenburgische Str. 23",Flein,74223,WolfgangWulf@teleworm.us
Katja,Wirth,"Hardenbergstraße 31",Altenglan,66885,KatjaWirth@cuvox.de
Sandra,Scherer,"Jenaer Strasse 29",Essen,45359,SandraScherer@superrito.com
Brigitte,Duerr,"Kurfuerstendamm 91",Haar,85540,BrigitteDuerr@superrito.com
Jan,Roth,"Lützowplatz 36",Mückeln,54558,JanRoth@superrito.com
Nicole,Neustadt,"Luebecker Strasse 47",Ebensfeld,96248,NicoleNeustadt@cuvox.de
Anna,Ebersbach,"Lützowplatz 46",Ayl,54441,AnnaEbersbach@fleckens.hu
Dirk,Hertzog,"Karl-Liebknecht-Strasse 78",Hellwege,27367,DirkHertzog@fleckens.hu
Mike,Baecker,"Paul-Nevermann-Platz 85",Hammelburg,97762,MikeBaecker@rhyta.com
Bernd,Beckenbauer,"Ufnau Strasse 29",Hopferau,87659,BerndBeckenbauer@teleworm.us
Bernd,Gerber,"Sömmeringstr. 1",Weißenhorn,89259,BerndGerber@superrito.com
Silke,Hoffmann,"Grolmanstraße 71","Bremen Südervorstadt",28201,SilkeHoffmann@dayrep.com
Anne,Baader,"Park Str. 86","Düsseldorf Oberbilk",40229,AnneBaader@fleckens.hu
Felix,Schroder,"Esplanade 85",Gerolzhofen,97442,FelixSchroder@dayrep.com
Patrick,Bürger,"Budapester Strasse 32",Mellinghausen,27249,PatrickBurger@dayrep.com
Uta,Werfel,"Gotthardstrasse 89",Chemnitz,09026,UtaWerfel@teleworm.us
Ralph,Burger,"Frankfurter Allee 98","Karlsruhe Hagsfeld",76139,RalphBurger@dayrep.com
Maria,Junker,"Straße der Pariser Kommune 26","Köln Lindenthal",50859,MariaJunker@rhyta.com
Sara,Saenger,"Pasewalker Straße 78",Baden-Baden,76534,SaraSaenger@fleckens.hu
Sara,Saenger,"Bleibtreustraße 1",Triberg,78098,SaraSaenger@fleckens.hu
Sven,Egger,"Konstanzer Strasse 53",Kleinostheim,63797,SvenEgger@armyspy.com
Philipp,Eisenhower,"Mellingburgredder 7",Zirndorf,90513,PhilippEisenhower@dayrep.com
Karolin,Walter,"Luebeckertordamm 23",Altdorf,90518,KarolinWalter@rhyta.com
Dirk,Fisher,"Rudower Chaussee 60","Bottrop Batenbrock-Nord",46238,DirkFisher@rhyta.com
Lisa,Lang,"Prager Str 75",Eichenau,82217,LisaLang@fleckens.hu
Daniel,Bohm,"Lietzenburger Straße 71",Himbergen,29584,DanielBohm@teleworm.us
Erik,Roth,"Schönwalder Allee 3",Rendsburg,24754,ErikRoth@dayrep.com
Leon,Gerste,"Schönwalder Allee 78",Lammershagen,24238,LeonGerste@gustr.com
Susanne,Krause,"Kieler Strasse 30",Altenmarkt,83352,SusanneKrause@armyspy.com
Kristian,Decker,"Brandenburgische Strasse 1",Wernersberg,76857,KristianDecker@gustr.com
Ulrich,Schweizer,"Grosse Praesidenten Str. 24",Mehlbach,67735,UlrichSchweizer@cuvox.de
Sarah,Fried,"Lietzenburger Strasse 58",Meckesheim,74909,SarahFried@teleworm.us
Diana,Weissmuller,"Anhalter Strasse 16",Becherbach,67827,DianaWeissmuller@rhyta.com
Katja,Durr,"Ziegelstr. 79",Jandelsbrunn,94118,KatjaDurr@einrot.com
Brigitte,Richter,"Karl-Liebknecht-Strasse 38",Walsrode,29664,BrigitteRichter@dayrep.com
Leonie,Freeh,"Joachimstaler Str. 28",Alterkülz,56288,LeonieFreeh@teleworm.us
Swen,Hueber,"Leipziger Straße 96",Rhumspringe,37434,SwenHueber@armyspy.com
Yvonne,Fuerst,"Bleibtreustrasse 87","Detmold Vahlhausen",32760,YvonneFuerst@cuvox.de
Diana,Saenger,"Rathausstrasse 45",Nürnberg,90024,DianaSaenger@dayrep.com
Jörg,Wirth,"Waßmannsdorfer Chaussee 56","Hamburg Barmbek-Süd",22085,JorgWirth@dayrep.com
Karin,Baecker,"Charlottenstrasse 5",Feldschlößchen,01454,KarinBaecker@gustr.com
Katrin,Strauss,"Scharnweberstrasse 68",Plankstadt,68723,KatrinStrauss@einrot.com
Frank,Schiffer,"Schaarsteinweg 14",Walderbach,93194,FrankSchiffer@dayrep.com
Uta,Schmitt,"Augsburger Strasse 56",Friedewald,36289,UtaSchmitt@cuvox.de
Sarah,Schwab,"Messedamm 17",Dresden,01072,SarahSchwab@jourrapide.com
Florian,Konig,"Konstanzer Strasse 70",Laufach,63846,FlorianKonig@teleworm.us
Felix,Unger,"Ufnau Strasse 1",Lauben,87493,FelixUnger@jourrapide.com
Michael,Eisenberg,"Luebeckertordamm 29",Berngau,92361,MichaelEisenberg@cuvox.de
Lisa,Reiniger,"Mellingburgredder 10",Herzogenaurach,91065,LisaReiniger@jourrapide.com
Anne,Koertig,"Pohlstrasse 3",Parsau,38470,AnneKoertig@fleckens.hu
Katja,Köhler,"Feldstrasse 56",Havelberg,39535,KatjaKohler@cuvox.de
Ulrike,Zimmermann,"Paderborner Strasse 22",Mindelheim,87711,UlrikeZimmermann@teleworm.us
Felix,Ostermann,"Schönwalder Allee 26",Borgdorf-Seedorf,24589,FelixOstermann@teleworm.us
Birgit,Keller,"Reeperbahn 6",Neubukow,18231,BirgitKeller@superrito.com
Ulrike,Fischer,"Eschenweg 49",Crispendorf,07924,UlrikeFischer@superrito.com
Steffen,Eisenhower,"Hardenbergstraße 85",Oberalben,66871,SteffenEisenhower@rhyta.com
Ralf,Baecker,"Inge Beisheim Platz 37",Barmstedt,25355,RalfBaecker@armyspy.com
Stefanie,Winkel,"Hollander Strasse 75",Nothweiler,76891,StefanieWinkel@rhyta.com
Stephanie,Koehler,"Gotzkowskystrasse 9",Oberwambach,57614,StephanieKoehler@dayrep.com
Marco,Berg,"Rohrdamm 60",Betheln,31032,MarcoBerg@jourrapide.com
Barbara,Baum,"Ellmenreichstrasse 76",Creußen,95473,BarbaraBaum@cuvox.de
Markus,Boehm,"Fontenay 42","Bad Alexandersbad",95680,MarkusBoehm@cuvox.de
Katharina,Jaeger,"Schillerstrasse 87",Neufahrn,85370,KatharinaJaeger@teleworm.us
Antje,Beike,"Unter den Linden 82",Schwerin,19010,AntjeBeike@einrot.com
Tanja,Propst,"Genterstrasse 95",Kiel,24042,TanjaPropst@fleckens.hu
Lucas,Klug,"Hans-Grade-Allee 88",Nübel,24881,LucasKlug@dayrep.com
Marco,Fuhrmann,"An Der Urania 89",Ahrenshöft,25853,MarcoFuhrmann@rhyta.com
Ralph,Moeller,"Koepenicker Str. 6",Weiden,92604,RalphMoeller@cuvox.de
Janina,Eisenhower,"Jahnstrasse 47","Bad Feilnbach",83072,JaninaEisenhower@fleckens.hu
Melanie,Schröder,"Boxhagener Str. 59","Hamburg Eimsbüttel",20259,MelanieSchroder@cuvox.de
Andreas,Lowe,"Gruenauer Strasse 75",Königsmoor,21255,AndreasLowe@teleworm.us
Katja,Kappel,"Ansbacher Strasse 45",Weinsheim,54595,KatjaKappel@gustr.com
Martina,Reinhard,"Rudower Strasse 66",Malbergweich,54655,MartinaReinhard@gustr.com
Dieter,Beich,"Albrechtstrasse 83",Ingolstadt,85051,DieterBeich@jourrapide.com
Katja,Freeh,"Marseiller Strasse 2",Eberfing,82390,KatjaFreeh@fleckens.hu
Maik,Ritter,"Kastanienallee 95",Lütetsburg,26524,MaikRitter@fleckens.hu
Manuela,Drescher,"Flotowstr. 88",Naumburg,06610,ManuelaDrescher@einrot.com
Stefanie,Diederich,"Langenhorner Chaussee 86","Bayerisch Gmain",83455,StefanieDiederich@jourrapide.com
Nicole,Faber,"Marseiller Strasse 83",Wessobrunn,82405,NicoleFaber@superrito.com
Angelika,Becker,"Hallesches Ufer 76",Gärtringen,71116,AngelikaBecker@fleckens.hu
Laura,Baum,"Bayreuther Strasse 86","Offenbach am Main",63067,LauraBaum@jourrapide.com
Kevin,Fuchs,"Potsdamer Platz 22",Lindau,88103,KevinFuchs@einrot.com
Christin,Dreher,"Brandenburgische Straße 33","Berlin Neukölln",12099,ChristinDreher@jourrapide.com
David,Schroder,"Am Borsigturm 94","Ratingen Zentrum",40882,DavidSchroder@einrot.com
Lisa,Bader,"Schillerstrasse 80",Neufahrn,84088,LisaBader@gustr.com
Torsten,Neumann,"Brandenburgische Str. 87",Neuweiler,75389,TorstenNeumann@cuvox.de
Franziska,Fassbinder,"Pasewalker Straße 35",Leutenbach,71397,FranziskaFassbinder@rhyta.com
Angelika,Finkel,"Hoheluftchaussee 27",Karsdorf,06638,AngelikaFinkel@einrot.com
Uwe,Foerster,"Rankestraße 81",Greding,91168,UweFoerster@armyspy.com
Uta,Papst,"Hochstrasse 54",Norddorf,25954,UtaPapst@teleworm.us
Brigitte,Gerste,"Alt-Moabit 27",Döbris,06727,BrigitteGerste@armyspy.com
Klaus,Pfeiffer,"Genslerstraße 30","Berlin Rudow",12355,KlausPfeiffer@cuvox.de
Yvonne,Bohm,"Michaelkirchstr. 4","Bad Oeynhausen Wulferdingsen",32549,YvonneBohm@jourrapide.com
Jessica,Urner,"Buelowstrasse 83",Boos,87737,JessicaUrner@rhyta.com
Michael,Weber,"Prenzlauer Allee 2",Leipzig,04129,MichaelWeber@armyspy.com
Ulrich,Boehm,"Landsberger Allee 80",München,80047,UlrichBoehm@einrot.com
Jennifer,Boehm,"Billwerder Neuer Deich 13",Bischofsgrün,95493,JenniferBoehm@gustr.com
Martina,Wannemaker,"Büsingstrasse 2",Gilching,82198,MartinaWannemaker@rhyta.com
Sabrina,Ebersbach,"Pohlstrasse 32",Adenbüttel,38528,SabrinaEbersbach@cuvox.de
Robert,Nacht,"Holstenwall 18",Ermsleben,06463,RobertNacht@einrot.com
Marko,Eiffel,"Straße der Pariser Kommune 26",Alf,56859,MarkoEiffel@armyspy.com
Michelle,Drechsler,"Flotowstr. 25",Aschersleben,06432,MichelleDrechsler@cuvox.de
Florian,Freytag,"Stuttgarter Platz 98",Horbach,66851,FlorianFreytag@rhyta.com
Johanna,Schröder,"Park Str. 66","Düsseldorf Volmerswerth",40221,JohannaSchroder@dayrep.com
Nicole,Kortig,"Hedemannstasse 48",Ostrach,88356,NicoleKortig@superrito.com
Marko,Traugott,"Hardenbergstraße 84",Theisbergstegen,66871,MarkoTraugott@superrito.com
Franziska,Theissen,"Koepenicker Str. 75",Weiden,92605,FranziskaTheissen@gustr.com
David,Bohm,"Am Borsigturm 21","Neuss Morgensternsheide",41462,DavidBohm@teleworm.us
Ursula,Lehrer,"An der Alster 32",Lenzen,19307,UrsulaLehrer@jourrapide.com
Anja,Waechter,"Augsburger Straße 51","Lüdenscheid Gevelndorf",58507,AnjaWaechter@superrito.com
Anke,Bach,"Esplanade 4",Aiterhofen,94328,AnkeBach@fleckens.hu
Katrin,Freud,"Grosse Praesidenten Str. 28",Höpfingen,74746,KatrinFreud@armyspy.com
Sandra,Moeller,"Brandenburgische Str 72",Otzweiler,55606,SandraMoeller@armyspy.com
Benjamin,Abendroth,"Hallesches Ufer 98",Mettlach,66693,BenjaminAbendroth@teleworm.us
Michelle,Schreiber,"Michaelkirchstr. 85",Hille,32479,MichelleSchreiber@einrot.com
Mandy,Schmid,"Rudower Strasse 61",Orlenbach,54595,MandySchmid@gustr.com
Antje,Pfeffer,"Waldowstr. 78","Bad Wiessee",83704,AntjePfeffer@superrito.com
Martin,Weber,"Storkower Strasse 81",Ewighausen,56244,MartinWeber@einrot.com
Dirk,Busch,"Fontenay 97",Münchberg,95213,DirkBusch@teleworm.us
Marina,Kuhn,"Luckenwalder Strasse 20",Celle,29225,MarinaKuhn@fleckens.hu
Jessica,Beich,"Spresstrasse 19",Flensburg,24941,JessicaBeich@einrot.com
Stephan,Barth,"Brandenburgische Straße 56","Berlin Pankow",13189,StephanBarth@teleworm.us
Sandra,Schäfer,"Bayreuther Strasse 55","Ulm Einsingen",89079,SandraSchafer@gustr.com
Mario,Hertzog,"Alsterkrugchaussee 50",Langenzenn,90579,MarioHertzog@cuvox.de
Vanessa,Lehrer,"Augsburger Strasse 35",Katzwinkel,54552,VanessaLehrer@fleckens.hu
Sebastian,Schulz,"Bissingzeile 53",Dörpling,25794,SebastianSchulz@jourrapide.com
Nicole,Dreher,"An der Schillingbrucke 6",Unterroth,89299,NicoleDreher@teleworm.us
Frank,Kohler,"An Der Urania 19",Husum,25801,FrankKohler@dayrep.com
Julia,Durr,"Rathausstrasse 10",Donauwörth,86604,JuliaDurr@einrot.com
Swen,Frankfurter,"Boxhagener Str. 14","Hamburg Harvestehude",20253,SwenFrankfurter@superrito.com
Ulrike,Herman,"Bayreuther Strasse 39",Frankfurt,15205,UlrikeHerman@gustr.com
Kerstin,Blau,"Pappelallee 73",Adorf,09221,KerstinBlau@cuvox.de
Max,Nussbaum,"Fischerinsel 4","Viersen Busch",41751,MaxNussbaum@superrito.com
Sebastian,Wannemaker,"Mühlenstrasse 68",Würzburg,97007,SebastianWannemaker@dayrep.com
Mike,Metzger,"Ufnau Strasse 59",Kaufbeuren,87588,MikeMetzger@einrot.com
Marko,Ebersbacher,"Brandenburgische Str. 74",Walddorfhäslach,72141,MarkoEbersbacher@cuvox.de
Janina,Keller,"Flughafenstrasse 87",Windischeschenbach,92670,JaninaKeller@teleworm.us
Sebastian,Ackermann,"Hollander Strasse 15",Guckheim,56459,SebastianAckermann@cuvox.de
Jana,Gloeckner,"Storkower Strasse 23",Oberfell,56332,JanaGloeckner@jourrapide.com
Peter,Baumgartner,"Hedemannstasse 64",Gammertingen,72501,PeterBaumgartner@fleckens.hu
Michael,Gottlieb,"Knesebeckstraße 8",Recklinghausen,45659,MichaelGottlieb@armyspy.com
Andreas,Foerster,"Bayreuther Strasse 9","Ulm Oststadt",89073,AndreasFoerster@teleworm.us
Jessika,Lowe,"Hollander Strasse 51",Birlenbach,65626,JessikaLowe@armyspy.com
Sabrina,Lowe,"Fischerinsel 43","Viersen Süchteln",41749,SabrinaLowe@teleworm.us
Andreas,Schulze,"Leipziger Straße 80",Hörden,37412,AndreasSchulze@fleckens.hu
Christina,Himmel,"Am Borsigturm 68","Dormagen Dormagen-Nord",41539,ChristinaHimmel@gustr.com
Marina,Reinhard,"Mohrenstrasse 74",Allmendingen,89604,MarinaReinhard@rhyta.com
Silke,Ritter,"Paderborner Strasse 25",Kirchhaslach,87755,SilkeRitter@teleworm.us
Frank,Berg,"Hallesches Ufer 10",Lebach,66814,FrankBerg@jourrapide.com
Nicole,Schmid,"Unter den Linden 48",Magdeburg,39031,NicoleSchmid@dayrep.com
Andreas,Walter,"Rosenstrasse 79",München,81332,AndreasWalter@rhyta.com
Kristian,Wexler,"Güntzelstrasse 56",Keppeshausen,54673,KristianWexler@rhyta.com
Leah,Eichel,"Knesebeckstraße 55",Düren,52353,LeahEichel@dayrep.com
Thomas,Waechter,"Straße der Pariser Kommune 16","Köln Lindenthal",50933,ThomasWaechter@fleckens.hu
Daniel,Theissen,"Schaarsteinweg 66",Cham,93413,DanielTheissen@superrito.com
Sven,Schäfer,"Michaelkirchstr. 99",Frielendorf,34621,SvenSchafer@teleworm.us
Marina,Amsel,"Spresstrasse 52","Bremerhaven Überseehafen",27568,MarinaAmsel@gustr.com
Florian,Drescher,"Landsberger Allee 86",München,80636,FlorianDrescher@jourrapide.com
Philipp,Brandt,"Ansbacher Strasse 20",Olmscheid,54689,PhilippBrandt@superrito.com
Ursula,Naumann,"Wallstrasse 71",Illerich,56814,UrsulaNaumann@dayrep.com
Kristin,Hueber,"Marseiller Strasse 51",Ettal,82488,KristinHueber@gustr.com
Jörg,Baier,"Kurfürstenstraße 24",Albershausen,73095,JorgBaier@jourrapide.com
Tim,Kortig,"Jenaer Strasse 1",Essen,45355,TimKortig@rhyta.com
Mathias,Brauer,"Rosenstrasse 13",München,81547,MathiasBrauer@jourrapide.com
Lea,Kohler,"Inge Beisheim Platz 30",Kiebitzreihe,25368,LeaKohler@dayrep.com
Stefanie,Weisz,"Kurfürstenstraße 99",Salach,73084,StefanieWeisz@armyspy.com
Marcel,Egger,"Rudower Chaussee 26",Lübeck,23560,MarcelEgger@superrito.com
Ulrike,Hoch,"Grolmanstraße 59","Bremen Oberneuland",28325,UlrikeHoch@einrot.com
Jan,Schwab,"Wallstrasse 66",Zettingen,56761,JanSchwab@einrot.com
Angelika,Kaiser,"Knesebeckstrasse 56",Kleinmaischeid,56271,AngelikaKaiser@jourrapide.com
René,Meister,"Alter Wall 90",Eußenheim,97776,ReneMeister@armyspy.com
Kerstin,Koenig,"Fugger Strasse 58",Potsdam,14401,KerstinKoenig@rhyta.com
Stephan,Schweitzer,"Hardenbergstraße 37",Buborn,67742,StephanSchweitzer@cuvox.de
Sven,Kohler,"Rhinstrasse 56",München,80750,SvenKohler@rhyta.com
Kerstin,Bader,"Augsburger Strasse 96",Bodenbach,01683,KerstinBader@armyspy.com
Brigitte,Fleischer,"Bayreuther Strasse 79","Ulm Oststadt",89073,BrigitteFleischer@dayrep.com
Mario,Faber,"Rankestraße 78",Lenting,85101,MarioFaber@dayrep.com
Swen,Kaestner,"Schillerstrasse 22",Fischach,86850,SwenKaestner@dayrep.com
Matthias,Meier,"Adenauerallee 43",Cadenberge,21781,MatthiasMeier@teleworm.us
Markus,Weissmuller,"Hans-Grade-Allee 62",Brodersby,24864,MarkusWeissmuller@gustr.com
Dieter,Baum,"Brandenburgische Str. 54",Deckenpfronn,75392,DieterBaum@armyspy.com
Klaus,Koenig,"Inge Beisheim Platz 7",Kollmar,25377,KlausKoenig@superrito.com
Niklas,Seiler,"Kastanienallee 9",Eddelak,25713,NiklasSeiler@einrot.com
Anja,Schweitzer,"Am Borsigturm 70","Ratingen Breitscheid",40885,AnjaSchweitzer@einrot.com
Kathrin,Herrmann,"Fugger Strasse 59",Hamminkeln,46499,KathrinHerrmann@cuvox.de
Julia,Urner,"Charlottenstrasse 9",Erfurt,99001,JuliaUrner@teleworm.us
Stephanie,Berg,"Alt-Moabit 35",Pritzwalk,16921,StephanieBerg@einrot.com
Tim,Adler,"Leopoldstraße 22","Berlin Hellersdorf",12627,TimAdler@superrito.com
Christin,Gärtner,"Park Str. 48",Leverkusen,51377,ChristinGartner@armyspy.com
Erik,Becker,"Rohrdamm 26",Neuhof,36119,ErikBecker@gustr.com
Monika,Eichmann,"Koenigstrasse 74",Küllstedt,37356,MonikaEichmann@rhyta.com
Sophie,Ackerman,"Brandenburgische Str. 64",Güglingen,74363,SophieAckerman@superrito.com
Martina,Pabst,"Hoheluftchaussee 14",Schmölln,04622,MartinaPabst@einrot.com
Jürgen,Hoover,"Wallstrasse 1",Müllenbach,53520,JurgenHoover@rhyta.com
Ralph,Mehler,"Fischerinsel 75","Mönchengladbach Waldhausen",41061,RalphMehler@rhyta.com
Uwe,Fried,"Landsberger Allee 87",München,80069,UweFried@cuvox.de
Stefan,Schultz,"Lange Strasse 70",München,81808,StefanSchultz@jourrapide.com
Anna,Bürger,"Hans-Grade-Allee 98",Bollingstedt,24855,AnnaBurger@fleckens.hu
Johanna,Oster,"Rudower Chaussee 62",Bamberg,96050,JohannaOster@superrito.com
Peter,Berg,"Ellmenreichstrasse 73",Hiltpoltstein,91355,PeterBerg@fleckens.hu
Sarah,Schreiber,"Eichendorffstr. 41",Eriskirch,88097,SarahSchreiber@superrito.com
Sophie,Wurfel,"Budapester Straße 22",Igel,54298,SophieWurfel@armyspy.com
Andreas,Diederich,"Rhinstrasse 38",München,81204,AndreasDiederich@dayrep.com
Luca,Freitag,"Ruschestrasse 1",Ballerstedt,39606,LucaFreitag@rhyta.com
Michelle,Propst,"Waßmannsdorfer Chaussee 18","Hamburg Billwerder",22113,MichellePropst@cuvox.de
Dominik,Moench,"Leipziger Strasse 34","Ludwigshafen am Rhein Süd",67061,DominikMoench@gustr.com
Mario,Eisenhauer,"Jenaer Strasse 28","Oberhausen Buschhausen",46149,MarioEisenhauer@gustr.com
Lena,Drescher,"Pappelallee 53",Barchfeld,99448,LenaDrescher@einrot.com
Bernd,Neumann,"Fontenay 45",Mainleus,95336,BerndNeumann@cuvox.de
Kristin,Schweitzer,"Hedemannstasse 20",Saulgau,88348,KristinSchweitzer@cuvox.de
Dominik,Freeh,"Gotzkowskystraße 76",Geldern,47608,DominikFreeh@jourrapide.com
Luca,Schroeder,"Hermannstrasse 35",Dalheim,55278,LucaSchroeder@einrot.com
Angelika,Weiss,"Straße der Pariser Kommune 35","Köln Rodenkirchen",50969,AngelikaWeiss@armyspy.com
Michelle,Austerlitz,"An der Alster 24",Dannigkow,39245,MichelleAusterlitz@jourrapide.com
Markus,Koertig,"Storkower Strasse 24",Morshausen,56283,MarkusKoertig@fleckens.hu
Anne,Fisher,"Gotzkowskystrasse 58",Isert,57612,AnneFisher@rhyta.com
Paul,Koehler,"Los-Angeles-Platz 61","Hamburg Stellingen",20255,PaulKoehler@gustr.com
Nicole,Hoover,"Prenzlauer Allee 54",Halle,06001,NicoleHoover@einrot.com
Anke,Burger,"Alsterkrugchaussee 40",Wendelstein,90523,AnkeBurger@fleckens.hu
Michael,Köhler,"Los-Angeles-Platz 14","Hamburg Winterhude",22305,MichaelKohler@dayrep.com
Matthias,Hoover,"Pappelallee 22","Bad Liebenstein",36448,MatthiasHoover@teleworm.us
David,Probst,"Leipziger Strasse 34","Ludwigshafen am Rhein Süd",67061,DavidProbst@armyspy.com
Leah,Jager,"Gubener Str. 59",Rosenheim,83004,LeahJager@cuvox.de
Sabine,Rothstein,"Rosenstrasse 83",München,81317,SabineRothstein@teleworm.us
Kathrin,Reiniger,"Büsingstrasse 21",Grafing,85563,KathrinReiniger@fleckens.hu
Philipp,Zimmer,"Marseiller Strasse 75",Hohenpeißenberg,82383,PhilippZimmer@teleworm.us
Maik,Kastner,"Augsburger Straße 13","Lüdenscheid Brügge",58515,MaikKastner@rhyta.com
Dirk,Fuerst,"Budapester Straße 98",Oberfischbach,56370,DirkFuerst@rhyta.com
Marko,Fleischer,"Lietzenburger Straße 12",Unterlüß,29345,MarkoFleischer@cuvox.de
Tom,Beich,"Gotzkowskystraße 60",Meschede,59872,TomBeich@einrot.com
Phillipp,Mehler,"Am Borsigturm 28","Dormagen Delrath",41542,PhillippMehler@cuvox.de
Klaus,Theiss,"Sömmeringstr. 42",Helmstadt-Bargen,74921,KlausTheiss@jourrapide.com
Sara,Lemann,"Mollstrasse 50",Lörzweiler,55296,SaraLemann@cuvox.de
Silke,Muller,"Ufnau Strasse 9",Erkheim,87746,SilkeMuller@fleckens.hu
Sarah,Freud,"Leipziger Straße 39",Pegestorf,37619,SarahFreud@jourrapide.com
Yvonne,Hirsch,"Augsburger Straße 24","Lüdenscheid Lüdenscheid",58509,YvonneHirsch@einrot.com
Anja,Herz,"Billwerder Neuer Deich 51",Randersacker,97235,AnjaHerz@cuvox.de
Maik,Gerste,"Am Borsigturm 28","Ratingen West",40880,MaikGerste@rhyta.com
Philipp,Kastner,"Potsdamer Platz 61",Hitzhofen,85122,PhilippKastner@dayrep.com
Jörg,Thalberg,"Schoenebergerstrasse 77",Ahrenshagen,18292,JorgThalberg@armyspy.com
Heike,Eichel,"Lietzenburger Strasse 42","Bergisch Gladbach Hebborn",51465,HeikeEichel@superrito.com
Jessika,Baier,"Leopoldstraße 32","Berlin Charlottenburg",13629,JessikaBaier@rhyta.com
Katharina,Junker,"Flotowstr. 57",Köthen,06351,KatharinaJunker@rhyta.com
Lucas,Blau,"Messedamm 95",Halle,06056,LucasBlau@rhyta.com
Manuela,Scherer,"Leipziger Straße 1",Zorge,37449,ManuelaScherer@rhyta.com
Tobias,Unger,"Kantstraße 20",Penig,09320,TobiasUnger@jourrapide.com
Frank,Schneider,"Bleibtreustrasse 78","Detmold Pivitsheide",32758,FrankSchneider@superrito.com
Maximilian,Eiffel,"Neue Roßstr. 60","Saarbrücken Güdingen",66130,MaximilianEiffel@fleckens.hu
Klaudia,Vogt,"Gotzkowskystrasse 42",Alflen,56828,KlaudiaVogt@fleckens.hu
Klaudia,Ostermann,"Lützowplatz 49",Dreis,54518,KlaudiaOstermann@teleworm.us
Martin,Traugott,"Flotowstr. 97",Aschersleben,06433,MartinTraugott@cuvox.de
Angelika,Schwab,"Ruschestrasse 63",Schönebeck,39202,AngelikaSchwab@fleckens.hu
Markus,Klein,"Luebeckertordamm 3",Höchstadt,91312,MarkusKlein@einrot.com
Lucas,Glockner,"Kieler Strasse 70",Tacherting,83342,LucasGlockner@einrot.com
Martin,Kalb,"Luebeckertordamm 67",Weigendorf,91249,MartinKalb@cuvox.de
Marcel,Boehm,"Paul-Nevermann-Platz 84",Grafenrheinfeld,97506,MarcelBoehm@armyspy.com
Felix,Saenger,"Rankestraße 36",Neuburg,86619,FelixSaenger@jourrapide.com
Markus,Baumgaertner,"Waldowstr. 12",Kreßberg,74594,MarkusBaumgaertner@einrot.com
Ralf,Eisenberg,"Anhalter Strasse 43",Weilerbach,67685,RalfEisenberg@cuvox.de
Stephanie,Friedmann,"Kirchenallee 33",Offenberg,94560,StephanieFriedmann@superrito.com
Jennifer,Bayer,"Mohrenstrasse 23",Nusplingen,72362,JenniferBayer@gustr.com
Christina,Kruger,"Landhausstraße 55",Oranienburg,16505,ChristinaKruger@superrito.com
Michelle,Schmitz,"Sonnenallee 93",Diedorf,86416,MichelleSchmitz@teleworm.us
Lea,Kruger,"Luetzowplatz 63",Kruchten,54675,LeaKruger@jourrapide.com
Klaus,Hertz,"Albrechtstrasse 11",Stadtbergen,86391,KlausHertz@teleworm.us
Thorsten,Gaertner,"Kirchenallee 61",Regen,94201,ThorstenGaertner@armyspy.com
Matthias,Schröder,"Grosse Praesidenten Str. 1",Frankelbach,67737,MatthiasSchroder@einrot.com
Felix,Frey,"Kurfürstenstraße 84",Eschenbach,92673,FelixFrey@jourrapide.com
Jürgen,Schaefer,"Luckenwalder Strasse 89",Laatzen,30880,JurgenSchaefer@jourrapide.com
Jennifer,Schiffer,"Augsburger Straße 29",Herne,44623,JenniferSchiffer@cuvox.de
Dominik,Fuhrmann,"Messedamm 95",Dresden,01002,DominikFuhrmann@gustr.com
Anna,Eggers,"Anhalter Strasse 18",Waldmohr,66914,AnnaEggers@dayrep.com
Kristin,Rothstein,"Kantstraße 1",Ernstthal,98724,KristinRothstein@gustr.com
Lena,Friedman,"Luetzowplatz 24",Oberkail,54533,LenaFriedman@rhyta.com
Steffen,Müller,"Motzstr. 4",Wallhausen,74599,SteffenMuller@teleworm.us
Patrick,Eisenhauer,"Schoenebergerstrasse 74",Plauen,08529,PatrickEisenhauer@superrito.com
Maik,Ebersbacher,"Knesebeckstraße 31",Plettenberg,58840,MaikEbersbacher@gustr.com
Brigitte,Kaiser,"Luckenwalder Strasse 56",Nordstemmen,31171,BrigitteKaiser@teleworm.us
Sara,Freytag,"Karl-Liebknecht-Strasse 87",Heemsen,31622,SaraFreytag@jourrapide.com
Niklas,Eiffel,"Eichendorffstr. 83",Reichenau,78479,NiklasEiffel@jourrapide.com
Katharina,Becker,"Ollenhauer Str. 32","Stuttgart Süd",70178,KatharinaBecker@fleckens.hu
Ute,Aachen,"Hermannstrasse 76",Neckargemünd,69151,UteAachen@gustr.com
Dirk,Fuchs,"Wallstrasse 97",Wehr,56653,DirkFuchs@einrot.com
Uwe,Friedmann,"Meininger Strasse 65",Riegelsberg,66292,UweFriedmann@gustr.com
Birgit,Maur,"Leipziger Strasse 1",Wiesbaden,65193,BirgitMaur@teleworm.us
Stephan,Mehler,"Scharnweberstrasse 30",Lampertheim,68623,StephanMehler@rhyta.com
Andreas,Eiffel,"Flotowstr. 3",Sangerhausen,06517,AndreasEiffel@fleckens.hu
Janina,Bergmann,"Landsberger Allee 42",München,80064,JaninaBergmann@cuvox.de
Sandra,Schreiber,"Koenigstrasse 83",Vieselbach,99197,SandraSchreiber@rhyta.com
Birgit,Fried,"Scharnweberstrasse 4","Mannheim Innenstadt",68161,BirgitFried@superrito.com
Jan,Eisenberg,"Lietzensee-Ufer 9",Görlitz,02816,JanEisenberg@cuvox.de
Kerstin,Boehm,"Paderborner Strasse 37",Waidhofen,86579,KerstinBoehm@cuvox.de
Kathrin,Gärtner,"Alt-Moabit 86",Wurzen,04801,KathrinGartner@fleckens.hu
Marko,Freud,"Bissingzeile 11",Helgoland,27493,MarkoFreud@gustr.com
Tom,Friedmann,"Michaelkirchstr. 29",Warmsen,31606,TomFriedmann@dayrep.com
Jörg,Huber,"Marseiller Strasse 16",Krün,82494,JorgHuber@superrito.com
Marina,Frei,"Alsterkrugchaussee 57",Trautskirchen,90619,MarinaFrei@cuvox.de
Jens,Werfel,"Feldstrasse 2",Egeln,39429,JensWerfel@teleworm.us
Sebastian,Pfaff,"Büsingstrasse 90",Anzing,85644,SebastianPfaff@rhyta.com
Katja,Reiniger,"Rhinstrasse 32",München,81201,KatjaReiniger@superrito.com
René,Eiffel,"Brandenburgische Str. 46",Pliezhausen,72124,ReneEiffel@gustr.com
Bernd,Pfeffer,"Scharnweberstrasse 34",Grasellenbach,64689,BerndPfeffer@cuvox.de
Ines,Weissmuller,"Ruschestrasse 49",Dümmer,19073,InesWeissmuller@teleworm.us
Katrin,Neudorf,"Scharnweberstrasse 79","Heidelberg Altstadt",69117,KatrinNeudorf@superrito.com
Leah,Nadel,"Leipziger Strasse 30","Bielefeld Niederdornberg",33619,LeahNadel@superrito.com
Anja,Köhler,"Rohrdamm 86",Hameln,31789,AnjaKohler@cuvox.de
Jonas,Jager,"Guentzelstrasse 85",Oberaula,36280,JonasJager@dayrep.com
Marko,Schuhmacher,"Flotowstr. 32",Altenburg,04600,MarkoSchuhmacher@fleckens.hu
Vanessa,Theiss,"Mühlenstrasse 78",Würzburg,97009,VanessaTheiss@cuvox.de
Ralf,Faerber,"Los-Angeles-Platz 95","Hamburg Wandsbek",22049,RalfFaerber@jourrapide.com
Dominik,Grunwald,"Brandenburgische Str 30",Hahnheim,55278,DominikGrunwald@jourrapide.com
Stefan,Fenstermacher,"Lietzensee-Ufer 25",Meißen,01651,StefanFenstermacher@fleckens.hu
Markus,Meister,"Paul-Nevermann-Platz 89","Bad Brückenau",97763,MarkusMeister@rhyta.com
Uta,Pfeffer,"Stresemannstr. 93",Beckingen,66701,UtaPfeffer@armyspy.com
Daniel,Frueh,"Güntzelstrasse 34",Wettlingen,54646,DanielFrueh@gustr.com
Kerstin,Busch,"Pohlstrasse 85",Heiningen,38312,KerstinBusch@dayrep.com
Christine,Rothstein,"Kirchenallee 79",Deggendorf,94469,ChristineRothstein@gustr.com
Stefanie,Reinhardt,"Guentzelstrasse 28",Hargesheim,55595,StefanieReinhardt@cuvox.de
Kerstin,Kuhn,"Gruenauer Strasse 69",Guderhandviertel,21720,KerstinKuhn@teleworm.us
Jörg,Holtzmann,"Borstelmannsweg 16",Geiselwind,96160,JorgHoltzmann@teleworm.us
Ralph,Baumgaertner,"Los-Angeles-Platz 30",Braunschweig,38126,RalphBaumgaertner@cuvox.de
Christin,Gerber,"Pohlstrasse 98",Ohrum,38312,ChristinGerber@teleworm.us
Steffen,Möller,"Potsdamer Platz 41",Achberg,88147,SteffenMoller@gustr.com
Christian,Himmel,"Brandenburgische Straße 89","Berlin Lichtenrade",12107,ChristianHimmel@gustr.com
Ines,Weisz,"Prager Str 29",Adelshofen,91587,InesWeisz@fleckens.hu
Katharina,Zimmer,"Inge Beisheim Platz 53",Elmshorn,25310,KatharinaZimmer@rhyta.com
Thomas,Scherer,"Heinrich Heine Platz 78",Aspach,99880,ThomasScherer@fleckens.hu
Sabine,Frankfurter,"Prenzlauer Allee 94",Leipzig,04205,SabineFrankfurter@cuvox.de
Kristian,Daecher,"Spresstrasse 76","Bremerhaven Lehe",27578,KristianDaecher@einrot.com
Marcel,Baer,"Leipziger Straße 77",Dassel,37586,MarcelBaer@gustr.com
Christian,Wexler,"Kurfuerstendamm 30","Heilbronn Heilbronn",74078,ChristianWexler@dayrep.com
Peter,Hahn,"An Der Urania 70",Friedrichskoog,25716,PeterHahn@einrot.com
Jan,Kalb,"Chausseestr. 36",Reinbek,21454,JanKalb@armyspy.com
Doreen,Ebersbacher,"Michaelkirchstr. 48",Guxhagen,34302,DoreenEbersbacher@cuvox.de
Lea,Theiss,"Guentzelstrasse 73",Burgsponheim,55595,LeaTheiss@cuvox.de
Phillipp,Neudorf,"Kurfürstendamm 76",Zwickau,08062,PhillippNeudorf@superrito.com
Jürgen,Kaufmann,"Brandenburgische Strasse 52",Eußerthal,76857,JurgenKaufmann@fleckens.hu
Birgit,Kuefer,"Prager Str 91",Gröbenzell,82180,BirgitKuefer@gustr.com
Tanja,Kluge,"Pasewalker Straße 32",Ötigheim,76470,TanjaKluge@gustr.com
Ines,Seiler,"Rhinstrasse 27",München,80741,InesSeiler@fleckens.hu
Leonie,Vogt,"Brandenburgische Str. 46",Pfullingen,72793,LeonieVogt@superrito.com
Christine,Theissen,"Stresemannstr. 82",Saarlouis,66740,ChristineTheissen@rhyta.com
Klaudia,Lehmann,"Schillerstrasse 17",Allershausen,85387,KlaudiaLehmann@cuvox.de
Leon,Krause,"Am Borsigturm 94","Neuss Hoisten",41469,LeonKrause@teleworm.us
Uwe,Baier,"Albrechtstrasse 8",Kempten,87416,UweBaier@rhyta.com
Kathrin,Gottlieb,"Invalidenstrasse 44",Lindenberg,88154,KathrinGottlieb@dayrep.com
Mike,Beike,"Alt-Moabit 43",Jütebog,14903,MikeBeike@jourrapide.com
Jonas,Nacht,"Bissingzeile 11",Mulsum,27632,JonasNacht@rhyta.com
Tobias,Fleischer,"Sonnenallee 86",Hallbergmoos,85399,TobiasFleischer@armyspy.com
Sabine,Goldschmidt,"Paderborner Strasse 10",Buchloe,86802,SabineGoldschmidt@einrot.com
Felix,Schneider,"Schaarsteinweg 54",Schierling,84067,FelixSchneider@gustr.com
Phillipp,Thalberg,"Brandenburgische Straße 48","Berlin Neukölln",12045,PhillippThalberg@jourrapide.com
Sophie,Lange,"Eschenweg 25",Pößneck,07374,SophieLange@dayrep.com
Uta,Pfeifer,"Gubener Str. 33",Frauenneuharting,83553,UtaPfeifer@jourrapide.com
Ralf,Beike,"An Der Urania 10",Pellworm,25847,RalfBeike@cuvox.de
Heike,Probst,"Kastanienallee 66",Dersum,26906,HeikeProbst@armyspy.com
Sabine,Frei,"Boxhagener Str. 31","Hamburg Hausbruch",21149,SabineFrei@cuvox.de
Alexander,Pfeifer,"Luckenwalder Strasse 47",Stöckse,31638,AlexanderPfeifer@fleckens.hu
Steffen,Brandt,"Kastanienallee 24",Grauel,24594,SteffenBrandt@einrot.com
Karolin,Schweitzer,"Buelowstrasse 68",Rieden,87668,KarolinSchweitzer@superrito.com
Martin,Werfel,"Flotowstr. 9",Aschersleben,06431,MartinWerfel@gustr.com
Julia,Vogel,"Alsterkrugchaussee 13",Lauf,91194,JuliaVogel@fleckens.hu
Sandra,Bumgarner,"Joachimstaler Str. 20",Sohrschied,55487,SandraBumgarner@teleworm.us
Jennifer,Eisenhower,"Joachimstaler Str. 28",Eschbach,56357,JenniferEisenhower@cuvox.de
Sabine,Schröder,"Rudolstaedter Strasse 23",Wölfersheim,61200,SabineSchroder@jourrapide.com
Thorsten,Busch,"Spresstrasse 9","Bielefeld Deppendorf",33619,ThorstenBusch@armyspy.com
Tobias,Wulf,"Gotthardstrasse 90",Chemnitz,09010,TobiasWulf@einrot.com
Robert,Kuester,"Buelowstrasse 13",Arbach,56769,RobertKuester@teleworm.us
Lucas,Gottlieb,"Bayreuther Strasse 38",Frankfurt,15206,LucasGottlieb@cuvox.de
Klaudia,Faust,"Straße der Pariser Kommune 53",Bonn,53123,KlaudiaFaust@armyspy.com
Jens,Maur,"Fugger Strasse 58",Potsdam,14480,JensMaur@armyspy.com
Michael,Friedmann,"Park Str. 13","Solingen Solingen-Mitte",42719,MichaelFriedmann@jourrapide.com
Ralf,Lehmann,"Invalidenstrasse 82",Clausen,66978,RalfLehmann@einrot.com
Heike,Lemann,"An der Alster 16",Neustrelitz,17221,HeikeLemann@jourrapide.com
Birgit,Hertzog,"Leipziger Straße 40",Hattorf,37197,BirgitHertzog@rhyta.com
Wolfgang,Beckenbauer,"Boxhagener Str. 15","Hamburg Bramfeld",22309,WolfgangBeckenbauer@einrot.com
David,Kluge,"Rudolstaedter Strasse 50",Schöllkrippen,63822,DavidKluge@teleworm.us
Ute,Daecher,"Messedamm 77",Halle,06110,UteDaecher@teleworm.us
Paul,Kohler,"Paul-Nevermann-Platz 63",Schweinfurt,97421,PaulKohler@jourrapide.com
Frank,Saenger,"Eschenweg 61",Bucha,07334,FrankSaenger@gustr.com
Eric,Sanger,"Karl-Liebknecht-Strasse 70",Kaltenkirchen,24560,EricSanger@rhyta.com
Tim,Werner,"Landsberger Allee 75",München,80504,TimWerner@rhyta.com
Daniela,Schweizer,"Marseiller Strasse 89",Eglfing,82436,DanielaSchweizer@armyspy.com
Niklas,Waechter,"An der Alster 8",Neuburg,94127,NiklasWaechter@cuvox.de
Phillipp,Urner,"Knesebeckstraße 39",Hamm,59075,PhillippUrner@teleworm.us
Markus,Bayer,"Ansbacher Strasse 85",Irmenach,56843,MarkusBayer@einrot.com
Jonas,Bosch,"Hedemannstasse 70",Kanzach,88422,JonasBosch@einrot.com
Klaus,Busch,"Ruschestrasse 77",Tangerhütte,39512,KlausBusch@fleckens.hu
Ulrich,Rothstein,"Sömmeringstr. 41",Oberdischingen,89610,UlrichRothstein@einrot.com
Manuela,Lang,"Alter Wall 60",Himmelstadt,97267,ManuelaLang@cuvox.de
Paul,Schulz,"Motzstr. 53",Spabrücken,55595,PaulSchulz@dayrep.com
Dennis,Rothschild,"Sonnenallee 10",Augsburg,86159,DennisRothschild@superrito.com
Patrick,Schulze,"Kieler Strasse 24",Waldkraiburg,84470,PatrickSchulze@jourrapide.com
Anna,Weissmuller,"Ruschestrasse 60",Halberstadt,38805,AnnaWeissmuller@jourrapide.com
Matthias,Neustadt,"Ansbacher Strasse 71",Briedel,56867,MatthiasNeustadt@teleworm.us
Max,Bürger,"Schönhauser Allee 21",Dauchingen,78083,MaxBurger@dayrep.com
Ulrich,Wirth,"Budapester Straße 75",Weilburg,35781,UlrichWirth@armyspy.com
Anja,Kaiser,"Gruenauer Strasse 9",Vierhöfen,21444,AnjaKaiser@jourrapide.com
Tobias,Biermann,"Kurfürstenstraße 49",Süßen,73079,TobiasBiermann@jourrapide.com
Frank,Schmitz,"Invalidenstrasse 10",Böhl-Iggelheim,67459,FrankSchmitz@rhyta.com
Christian,Frey,"Langenhorner Chaussee 97",Freilassing,83395,ChristianFrey@gustr.com
Jennifer,Scherer,"Gotthardstrasse 93",Erfurt,99096,JenniferScherer@cuvox.de
Frank,Maur,"Knesebeckstrasse 3",Forstmehren,57635,FrankMaur@fleckens.hu
Janina,Ackermann,"Bleibtreustrasse 67","Paderborn Benhausen",33100,JaninaAckermann@gustr.com
Swen,Lehrer,"Budapester Straße 40",Frankenau,35110,SwenLehrer@armyspy.com
Petra,Mueller,"Mohrenstrasse 72",Alleshausen,88422,PetraMueller@fleckens.hu
Klaudia,Kuefer,"Fasanenstrasse 36","Hamburg Reitbrook",21037,KlaudiaKuefer@cuvox.de
Marko,Foerster,"Fontenay 37",Münchberg,95204,MarkoFoerster@dayrep.com
Tanja,Muller,"Stuttgarter Platz 63",Wirges,56422,TanjaMuller@superrito.com
Sara,Sommer,"An Der Urania 96",Brunsbüttel,25536,SaraSommer@jourrapide.com
Alexander,Frei,"Inge Beisheim Platz 54",Seestermühe,25371,AlexanderFrei@einrot.com
Michael,Kaufmann,"Augsburger Straße 4",Herne,44651,MichaelKaufmann@teleworm.us
Leonie,Neudorf,"Fontenay 71",Marktredwitz,95614,LeonieNeudorf@jourrapide.com
Peter,Fuchs,"Albrechtstrasse 4",Traunstein,83276,PeterFuchs@cuvox.de
Klaus,Baer,"Gotzkowskystraße 18",Bocholt,46395,KlausBaer@rhyta.com
Laura,Faber,"Spresstrasse 63",Flensburg,24906,LauraFaber@teleworm.us
Kristin,Hartmann,"Bissingzeile 40",Bargenstedt,25704,KristinHartmann@superrito.com
Patrick,Schmidt,"Flotowstr. 51",Altenburg,04582,PatrickSchmidt@einrot.com
Tim,Duerr,"Luetzowplatz 69",Bergweiler,54518,TimDuerr@jourrapide.com
Laura,Theiss,"Gotzkowskystrasse 17",Nehren,72147,LauraTheiss@superrito.com
Frank,Walter,"Marseiller Strasse 85",Hohenpeißenberg,82381,FrankWalter@dayrep.com
Heike,Strauss,"Paul-Nevermann-Platz 40",Hendungen,97640,HeikeStrauss@rhyta.com
Jonas,Lehmann,"Borstelmannsweg 19",Coburg,96422,JonasLehmann@jourrapide.com
Laura,Schwartz,"Storkower Strasse 74","Neuwied Block",56566,LauraSchwartz@gustr.com
Marco,Fuhrmann,"Langenhorner Chaussee 68",Furth,93428,MarcoFuhrmann@einrot.com
Silke,Schwartz,"Frankfurter Allee 52",Rottweil,78628,SilkeSchwartz@jourrapide.com
Anna,Muench,"Eschenweg 26",Ilmenau,98681,AnnaMuench@gustr.com
Nicole,Cole,"Hans-Grade-Allee 62",Bahrenhof,23845,NicoleCole@cuvox.de
Tanja,Baumgartner,"Landhausstraße 82","Königs Wusterhausen",15702,TanjaBaumgartner@armyspy.com
René,Farber,"Pappelallee 5",Ehrenfriedersdorf,09427,ReneFarber@cuvox.de
Thorsten,Neustadt,"Schönhauser Allee 52",Wembach,79677,ThorstenNeustadt@armyspy.com
Tom,Sanger,"Rohrdamm 94","Bad Salzuflen Werl-Aspe",32108,TomSanger@jourrapide.com
Brigitte,Eisenberg,"Unter den Linden 34",Magdeburg,39041,BrigitteEisenberg@superrito.com
Jens,Fuhrmann,"Luckenwalder Strasse 80",Hohenhameln,31249,JensFuhrmann@teleworm.us
Anke,Feierabend,"Bayreuther Strasse 94","Kaiserslautern Erfenbach",67659,AnkeFeierabend@rhyta.com
Barbara,Bach,"Mollstrasse 53","Kronberg im Taunus",61476,BarbaraBach@armyspy.com
Sophia,Keller,"Pohlstrasse 73",Dorstadt,38312,SophiaKeller@armyspy.com
Mario,Amsel,"Ziegelstr. 52",Simbach,84353,MarioAmsel@einrot.com
Doreen,Dresner,"Hollander Strasse 45",Oberneisen,65558,DoreenDresner@jourrapide.com
Ralph,Feierabend,"Jahnstrasse 43",Maitenbeth,83558,RalphFeierabend@cuvox.de
Jörg,Oster,"Bissingzeile 29",Balje,21730,JorgOster@gustr.com
Torsten,Freeh,"Straße der Pariser Kommune 36",Aachen,52076,TorstenFreeh@gustr.com
Alexander,Kappel,"Motzstr. 74",Dörrebach,55444,AlexanderKappel@dayrep.com
Klaus,Eisenberg,"Rudolstaedter Strasse 85",Aschaffenburg,63709,KlausEisenberg@fleckens.hu
Monika,Kirsch,"Chausseestr. 75",Seevetal,21218,MonikaKirsch@armyspy.com
Daniel,Schaefer,"Friedrichstrasse 91","Düsseldorf Flehe",40223,DanielSchaefer@rhyta.com
Andrea,Grunwald,"Leipziger Strasse 28",Minden,54310,AndreaGrunwald@cuvox.de
Manuela,Kohler,"Amsinckstrasse 30",Steinigtwolmsdorf,01905,ManuelaKohler@teleworm.us
Gabriele,Loewe,"Hedemannstasse 86",Königseggwald,88376,GabrieleLoewe@gustr.com
Marina,Lange,"Buelowstrasse 95",Welling,56753,MarinaLange@dayrep.com
Anke,Neumann,"Potsdamer Platz 71",Schernfeld,85132,AnkeNeumann@einrot.com
Andreas,Busch,"Flotowstr. 9",Sandersdorf,06792,AndreasBusch@jourrapide.com
Luca,Waechter,"Waldowstr. 15",Gmund,83703,LucaWaechter@rhyta.com
Kevin,Thalberg,"Landhausstraße 12",Hallenberg,59969,KevinThalberg@jourrapide.com
Jürgen,Pfeifer,"Adenauerallee 51",Altenhof,17209,JurgenPfeifer@gustr.com
Tom,Ackerman,"Friedrichstrasse 8",Gelsenkirchen,45897,TomAckerman@dayrep.com
Tanja,Kuhn,"Schönwalder Allee 22",Fahren,24253,TanjaKuhn@gustr.com
Sandra,Grunewald,"Knesebeckstraße 94",Düren,52351,SandraGrunewald@superrito.com
Annett,Bürger,"Grosse Praesidenten Str. 15",Rimbach,64666,AnnettBurger@rhyta.com
Angelika,Nadel,"Park Str. 63","Düsseldorf Lierenfeld",40231,AngelikaNadel@jourrapide.com
Franziska,Reinhard,"Potsdamer Platz 41",Kösching,85092,FranziskaReinhard@gustr.com
Christin,Weisz,"Rankestraße 55",Untergriesbach,94105,ChristinWeisz@einrot.com
Mandy,Busch,"Nuernbergerstrasse 82",Wilhelmshaven,26386,MandyBusch@gustr.com
Anke,Baer,"Knesebeckstrasse 33",Heimborn,57629,AnkeBaer@jourrapide.com
Leon,Wexler,"Hardenbergstraße 47",Kappeln,24373,LeonWexler@rhyta.com
Jana,Wannemaker,"Schaarsteinweg 22",Steinach,96520,JanaWannemaker@armyspy.com
David,Waechter,"Mellingburgredder 4",Heroldsbach,91335,DavidWaechter@superrito.com
Julia,Roth,"Heinrich Heine Platz 55",Waltershausen,99874,JuliaRoth@einrot.com
Juliane,Keller,"Fischerinsel 24",Brüggen,31033,JulianeKeller@gustr.com
Kathrin,Naumann,"Wallstrasse 32",Oberdürenbach,56651,KathrinNaumann@cuvox.de
Christine,Weisz,"Gruenauer Strasse 89",Geesthacht,21495,ChristineWeisz@gustr.com
Felix,Drechsler,"Augsburger Straße 5","Lüdenscheid Brügge",58515,FelixDrechsler@cuvox.de
Klaudia,Schroeder,"Bleibtreustraße 1",Rickenbach,79736,KlaudiaSchroeder@superrito.com
Bernd,Kastner,"Am Borsigturm 49","Dormagen Straberg",41542,BerndKastner@gustr.com
René,Frankfurter,"Prenzlauer Allee 31",Leipzig,04251,ReneFrankfurter@cuvox.de
Christine,Schweitzer,"Stresemannstr. 80",Nohfelden,66625,ChristineSchweitzer@einrot.com
Niklas,Fisher,"Fugger Strasse 34","Koblenz Bubenheim",56070,NiklasFisher@teleworm.us
Mike,Schuster,"Amsinckstrasse 9",Arnsdorf,02633,MikeSchuster@rhyta.com
Matthias,Fenstermacher,"Lange Strasse 51",Unterschleißheim,85703,MatthiasFenstermacher@einrot.com
Lena,Friedman,"Heinrich Heine Platz 43",Bischofswerda,01873,LenaFriedman@fleckens.hu
Ralf,Neumann,"Mühlenstrasse 8",Bamberg,96010,RalfNeumann@jourrapide.com
Angelika,Schwartz,"Gruenauer Strasse 64",Horneburg,21640,AngelikaSchwartz@dayrep.com
Alexander,Sommer,"Bissingzeile 68",Helgoland,27493,AlexanderSommer@einrot.com
Klaudia,Sanger,"Schaarsteinweg 71",Cham,93403,KlaudiaSanger@gustr.com
Ralf,Pfaff,"Koenigstrasse 27",Rattelsdorf,96179,RalfPfaff@teleworm.us
Annett,Baum,"Gubener Str. 26",Edling,83533,AnnettBaum@dayrep.com
Daniela,Faust,"Adenauerallee 97",Tutow,17127,DanielaFaust@gustr.com
Christine,Gaertner,"Mellingburgredder 25",Uttenreuth,91078,ChristineGaertner@jourrapide.com
Annett,Eichmann,"Pohlstrasse 64",Dettum,38173,AnnettEichmann@cuvox.de
Karin,Himmel,"Knesebeckstraße 45",Inden,52459,KarinHimmel@dayrep.com
Stephan,Mauer,"Schönhauser Allee 66",Simonswald,79263,StephanMauer@superrito.com
Alexander,Junker,"Stresemannstr. 87",Oberthal,66649,AlexanderJunker@cuvox.de
Monika,Eberhardt,"Hermannstrasse 25",Altrip,67122,MonikaEberhardt@einrot.com
Michael,Scherer,"Los-Angeles-Platz 6","Hamburg Wellingsbüttel",22393,MichaelScherer@teleworm.us
Silke,Nacht,"Pappelallee 46",Jöhstadt,09475,SilkeNacht@einrot.com
Silke,Bumgarner,"Unter den Linden 64",Magdeburg,39130,SilkeBumgarner@fleckens.hu
René,Gerste,"Waldowstr. 71",Wörnitz,91637,ReneGerste@superrito.com
Sarah,Freud,"Alt-Moabit 29",Jütebog,14902,SarahFreud@fleckens.hu
Frank,Fruehauf,"Rohrdamm 67","Bad Salzuflen Holzhausen",32108,FrankFruehauf@teleworm.us
Martina,Shuster,"Schmarjestrasse 53",Neukirchen,94362,MartinaShuster@armyspy.com
Christine,Schultz,"Alt-Moabit 58",Achern,77855,ChristineSchultz@superrito.com
Leon,Bar,"Büsingstrasse 18",Grafing,85562,LeonBar@dayrep.com
Petra,Drechsler,"Bissingzeile 22",Helgoland,27493,PetraDrechsler@jourrapide.com
Uta,Strauss,"Nuernbergerstrasse 22","Timmendorfer Strand",23665,UtaStrauss@gustr.com
Steffen,Mehler,"Hallesches Ufer 58",Weiskirchen,66707,SteffenMehler@einrot.com
Michelle,Trommler,"Bleibtreustraße 97",Jestetten,79798,MichelleTrommler@fleckens.hu
Leonie,Frueh,"An der Schillingbrucke 19",Westerstetten,89198,LeonieFrueh@armyspy.com
Petra,Krueger,"Fischerinsel 80","Viersen Stadtmitte",41748,PetraKrueger@einrot.com
Ute,Gloeckner,"Fischerinsel 96","Remscheid Innen",42859,UteGloeckner@jourrapide.com
Jana,Fenstermacher,"Lange Strasse 87",Ottobrunn,85509,JanaFenstermacher@cuvox.de
Jonas,Beike,"Ellmenreichstrasse 63",Kulmbach,95303,JonasBeike@teleworm.us
Sven,Richter,"Bissingzeile 92",Bülkau,21782,SvenRichter@einrot.com
Sarah,Gruenewald,"Genterstrasse 1",Badendorf,23619,SarahGruenewald@fleckens.hu
Erik,Bachmeier,"Hans-Grade-Allee 55",Böklund,24860,ErikBachmeier@rhyta.com
Simone,Hoover,"Luebeckertordamm 59",Pyrbaum,90600,SimoneHoover@einrot.com
Erik,Rothschild,"Knesebeckstraße 10","Lüdenscheid Wettringhof",58513,ErikRothschild@gustr.com
Sebastian,Meier,"Paul-Nevermann-Platz 12",Schondra,97795,SebastianMeier@teleworm.us
Thomas,Grunwald,"Joachimstaler Str. 96",Uhler,56290,ThomasGrunwald@cuvox.de
Sophie,Fuerst,"Augsburger Strasse 72",Nohn,54578,SophieFuerst@einrot.com
Heike,Theiss,"Luetzowplatz 74",Pantenburg,54531,HeikeTheiss@dayrep.com
Sandra,Trommler,"Billwerder Neuer Deich 86",Königsfeld,96167,SandraTrommler@armyspy.com
Franziska,Shuster,"Mellingburgredder 51",Herzogenaurach,91066,FranziskaShuster@superrito.com
Tom,Loewe,"Schmarjestrasse 26",Schulzendorf,15734,TomLoewe@jourrapide.com
Christin,Bach,"Jenaer Strasse 59","Wuppertal Barmen",42279,ChristinBach@rhyta.com
Sebastian,Freeh,"Landhausstraße 74",Neuenhagen,15362,SebastianFreeh@jourrapide.com
Marcel,Schröder,"Eschenweg 30",Elsterberg,07982,MarcelSchroder@gustr.com
Antje,Schroder,"Pasewalker Straße 10",Spiegelberg,71579,AntjeSchroder@jourrapide.com
Franziska,Gersten,"Esplanade 71",Weilbach,63937,FranziskaGersten@gustr.com
Tim,Bayer,"Flughafenstrasse 24",Vohenstrauß,92648,TimBayer@armyspy.com
Jessika,König,"Anhalter Strasse 62",Hauptstuhl,66851,JessikaKonig@rhyta.com
Silke,Schuster,"Genslerstraße 1","Berlin Wilmersdorf",10707,SilkeSchuster@cuvox.de
Stephanie,Nussbaum,"Feldstrasse 32",Oschersleben,39382,StephanieNussbaum@armyspy.com
Robert,Hahn,"Alt-Moabit 88",Neuruppin,16812,RobertHahn@cuvox.de
Doreen,Scherer,"Paul-Nevermann-Platz 94",Sandberg,97657,DoreenScherer@rhyta.com
Melanie,Abendroth,"Brandenburgische Strasse 52",Walsheim,76833,MelanieAbendroth@armyspy.com
Tom,Sanger,"Pohlstrasse 8",Jerxheim,38381,TomSanger@superrito.com
Matthias,Bachmeier,"Hedemannstasse 55",Hettingen,72513,MatthiasBachmeier@teleworm.us
Marcel,Biermann,"Gotzkowskystrasse 4",Bachenberg,57610,MarcelBiermann@fleckens.hu
Steffen,Scholz,"Stuttgarter Platz 6",Fachbach,56133,SteffenScholz@jourrapide.com
Martina,Fuerst,"Landhausstraße 74",Biesenthal,16357,MartinaFuerst@teleworm.us
Thomas,Gerste,"Jahnstrasse 57",Tuntenhausen,83104,ThomasGerste@cuvox.de
Lisa,Fried,"Unter den Linden 99",Schwerin,19061,LisaFried@dayrep.com
Thomas,Farber,"Leipziger Strasse 8","Trier Euren",54294,ThomasFarber@rhyta.com
Lisa,Vogel,"Jahnstrasse 45",Baiern,85625,LisaVogel@teleworm.us
Sarah,Herz,"Pohlstrasse 61",Wolfenbüttel,38302,SarahHerz@fleckens.hu
Claudia,Loewe,"Ellmenreichstrasse 32",Weismain,96258,ClaudiaLoewe@fleckens.hu
Torsten,Himmel,"Lietzenburger Strasse 45","Bergisch Gladbach Gronau",51469,TorstenHimmel@gustr.com
Sabrina,Wechsler,"Brandenburgische Str. 71",Wimsheim,71299,SabrinaWechsler@teleworm.us
Klaus,Reiniger,"Schillerstrasse 18",Dießen,86907,KlausReiniger@fleckens.hu
Brigitte,Abt,"Am Borsigturm 77","Ratingen Lintorf",40885,BrigitteAbt@jourrapide.com
Matthias,Moench,"Koenigstrasse 35",Krautheim,74238,MatthiasMoench@armyspy.com
Robert,Fuhrmann,"Luebeckertordamm 46",Neumarkt,92318,RobertFuhrmann@gustr.com
Lucas,Brauer,"An Der Urania 90",Pellworm,25846,LucasBrauer@jourrapide.com
Mandy,Pfeiffer,"Budapester Straße 58",Igel,54298,MandyPfeiffer@jourrapide.com
Anna,Wexler,"Knesebeckstraße 15",Dahlem,53949,AnnaWexler@armyspy.com
Sebastian,Mehler,"Kastanienallee 81",Hohenwestedt,24590,SebastianMehler@dayrep.com
Karin,Freeh,"Reeperbahn 33",Klingenthal,08244,KarinFreeh@einrot.com
Sophie,Boehm,"Landhausstraße 64",Eberswalde,16225,SophieBoehm@einrot.com
Sandra,Wechsler,"Augsburger Strasse 2",Neunkirchen,74867,SandraWechsler@jourrapide.com
Diana,Naumann,"Leipziger Straße 14",Badenhausen,37534,DianaNaumann@superrito.com
Erik,Reiniger,"Alt-Moabit 66","Altes Lager",14913,ErikReiniger@gustr.com
René,Brauer,"Park Str. 41","Düsseldorf Unterrath",40468,ReneBrauer@superrito.com
Nadine,Faber,"Friedrichstrasse 16","Oberhausen Holten",46147,NadineFaber@superrito.com
Sabrina,Diederich,"Koepenicker Str. 81",Weisel,56348,SabrinaDiederich@rhyta.com
Stefanie,Schuhmacher,"Schillerstrasse 57",Wolfratshausen,82510,StefanieSchuhmacher@rhyta.com
Brigitte,Amsel,"Augsburger Strasse 12",Fuchshofen,53533,BrigitteAmsel@fleckens.hu
Matthias,Ostermann,"Bissingzeile 2",Osterbruch,21762,MatthiasOstermann@teleworm.us
Alexander,Freud,"Flughafenstrasse 50",Sulzbach-Rosenberg,92229,AlexanderFreud@dayrep.com
Diana,Koenig,"Landsberger Allee 84",München,80702,DianaKoenig@einrot.com
Thomas,Eberhardt,"Flughafenstrasse 82",Eslarn,92691,ThomasEberhardt@dayrep.com
Patrick,Blau,"Marseiller Strasse 26",Huisheim,86685,PatrickBlau@einrot.com
Diana,Wannemaker,"Amsinckstrasse 25",Flarchheim,99986,DianaWannemaker@fleckens.hu
Anna,Burger,"Rhinstrasse 62",München,80801,AnnaBurger@fleckens.hu
Gabriele,Schulze,"Brandenburgische Straße 38","Berlin Kreuzberg",10999,GabrieleSchulze@superrito.com
Leah,Beckenbauer,"Schmarjestrasse 83",Achim,38312,LeahBeckenbauer@dayrep.com
Marco,Gerste,"An der Schillingbrucke 86",Schwendi,88477,MarcoGerste@dayrep.com
René,Lemann,"Chausseestr. 51",Rellingen,25455,ReneLemann@jourrapide.com
Mario,Keller,"Bissingzeile 90",Helgoland,27492,MarioKeller@cuvox.de
Marco,Bumgarner,"An Der Urania 75",Barkenholm,25791,MarcoBumgarner@jourrapide.com
Birgit,Bader,"Kastanienallee 82",Juist,26571,BirgitBader@einrot.com
Lucas,Meyer,"Pasewalker Straße 23",Althütte,71566,LucasMeyer@cuvox.de
Kristian,Koch,"Brandenburgische Strasse 28",Klingenmünster,76889,KristianKoch@rhyta.com
Sarah,Zweig,"Alter Wall 64",Lohr,97816,SarahZweig@teleworm.us
Janina,Mauer,"Karl-Liebknecht-Strasse 35",Dünsen,27243,JaninaMauer@einrot.com
Jan,Ziegler,"Paderborner Strasse 79",Gersthofen,86359,JanZiegler@einrot.com
Klaus,Fuhrmann,"Schmarjestrasse 76",Storkow,15856,KlausFuhrmann@jourrapide.com
Katja,Achen,"Gruenauer Strasse 95",Lauenburg,21474,KatjaAchen@armyspy.com
Birgit,Maurer,"An der Alster 80",Wolmirstedt,39321,BirgitMaurer@fleckens.hu
Melanie,Urner,"Gotthardstrasse 23",Erfurt,99099,MelanieUrner@cuvox.de
Anja,Himmel,"Storkower Strasse 85",Marienrachdorf,56242,AnjaHimmel@rhyta.com
Brigitte,Loewe,"Konstanzer Strasse 8",Altenstadt,89279,BrigitteLoewe@dayrep.com
Nadine,Himmel,"Rosenstrasse 28",München,81609,NadineHimmel@armyspy.com
Kristin,Fischer,"Nuernbergerstrasse 29",Ahrensbök,23621,KristinFischer@fleckens.hu
Ralph,Kruger,"Lietzenburger Straße 55",Quendorf,48465,RalphKruger@rhyta.com
Anke,Jager,"Ziegelstr. 77",Kößlarn,94149,AnkeJager@teleworm.us
Kristin,Gerber,"Sonnenallee 90",Augsburg,86157,KristinGerber@rhyta.com
Maik,Hahn,"Konstanzer Strasse 7","Bad Soden-Salmünster",63628,MaikHahn@teleworm.us
Jonas,Mauer,"Boxhagener Str. 78","Hamburg Fuhlsbüttel",22453,JonasMauer@jourrapide.com
Leah,Schultheiss,"Budapester Straße 95",Lichtenfels,96215,LeahSchultheiss@teleworm.us
Sara,Fenstermacher,"Lietzensee-Ufer 62",Lauchhammer,01969,SaraFenstermacher@cuvox.de
Anke,Faerber,"Rudolstaedter Strasse 58",Großostheim,63762,AnkeFaerber@superrito.com
Mike,Fassbinder,"Park Str. 75","Solingen Solingen-Mitte",42659,MikeFassbinder@jourrapide.com
Jessica,Kohler,"Jahnstrasse 55",Prien,83202,JessicaKohler@gustr.com
Andreas,Konig,"Sömmeringstr. 58",Hagenbach,76767,AndreasKonig@cuvox.de
Dennis,Koertig,"Neuer Jungfernstieg 67",Arnstorf,94420,DennisKoertig@cuvox.de
Annett,Baer,"Alsterkrugchaussee 58",Schwabach,91105,AnnettBaer@armyspy.com
Uwe,Sanger,"Luckenwalder Strasse 65",Pohle,31867,UweSanger@fleckens.hu
Sandra,Kaufmann,"Schillerstrasse 30",Igling,86859,SandraKaufmann@cuvox.de
Klaus,Schuhmacher,"Holstenwall 58","Bad Frankenhausen",06567,KlausSchuhmacher@armyspy.com
René,Abendroth,"Buelowstrasse 62",Boos,56729,ReneAbendroth@jourrapide.com
Karolin,Durr,"Friedrichstrasse 77","Oberhausen Eisenheim",46117,KarolinDurr@fleckens.hu
Lena,Nadel,"An der Schillingbrucke 40",Nersingen,89278,LenaNadel@jourrapide.com
Sara,Meier,"Flughafenstrasse 48",Sulzbach-Rosenberg,92231,SaraMeier@cuvox.de
Sven,Gottschalk,"Chausseestr. 2",Quickborn,25442,SvenGottschalk@rhyta.com
Sabine,Papst,"Fasanenstrasse 19","Hamburg Moorfleet",22113,SabinePapst@einrot.com
Jonas,Vogt,"Koenigstrasse 82",Kahla,07765,JonasVogt@rhyta.com
Maximilian,Gaertner,"Eschenweg 5",Ilmenau,98684,MaximilianGaertner@armyspy.com
Mathias,Fried,"Joachimstaler Str. 34",Endlichhofen,56355,MathiasFried@cuvox.de
Ute,Abend,"Koenigstrasse 73",Bleicherode,99752,UteAbend@fleckens.hu
Alexander,Schultheiss,"Brandenburgische Str 22",Mühlpfad,56291,AlexanderSchultheiss@jourrapide.com
Martina,Kohl,"Ruschestrasse 34",Schwaan,18255,MartinaKohl@gustr.com
Karolin,Kaestner,"Potsdamer Platz 45",Egweil,85116,KarolinKaestner@cuvox.de
Dirk,Schmitz,"Bleibtreustrasse 94","Detmold Niewald",32758,DirkSchmitz@gustr.com
Dieter,Sommer,"Gotzkowskystraße 47",Erndtebrück,57339,DieterSommer@rhyta.com
Mandy,Krüger,"Leipziger Strasse 52","Minden Leteln",32423,MandyKruger@gustr.com
Mike,Sankt,"Hans-Grade-Allee 72",Husum,31632,MikeSankt@dayrep.com
Leah,Krause,"Prager Str 86",Feldafing,82340,LeahKrause@rhyta.com
Sven,Klug,"Motzstr. 42",Gau-Odernheim,55239,SvenKlug@cuvox.de
Claudia,Nagel,"Kieler Strasse 32",Kienberg,83361,ClaudiaNagel@jourrapide.com
Sophie,Schreiner,"Eichendorffstr. 25",Bisingen,72406,SophieSchreiner@cuvox.de
Anja,Maurer,"Buelowstrasse 84",Welschenbach,56729,AnjaMaurer@dayrep.com
Petra,Sanger,"Hermannstrasse 50",Leimen,66978,PetraSanger@teleworm.us
Angelika,Jaeger,"Schmarjestrasse 70","Wendisch Rietz",15861,AngelikaJaeger@cuvox.de
Ralf,Engel,"Rudolstaedter Strasse 35",Alzenau,63755,RalfEngel@teleworm.us
Yvonne,Ritter,"Luebeckertordamm 10",Hilpoltstein,91157,YvonneRitter@armyspy.com
Andrea,Faust,"Knesebeckstraße 17",Gangelt,52538,AndreaFaust@dayrep.com
Janina,Schwartz,"Lietzenburger Strasse 37",Alfter,53347,JaninaSchwartz@superrito.com
Karin,Werner,"Kurfürstendamm 2",Rostock,18125,KarinWerner@jourrapide.com
Anne,Walter,"Kantstraße 37",Freiberg,71691,AnneWalter@superrito.com
Katrin,Schneider,"Mellingburgredder 84",Erlangen,91007,KatrinSchneider@gustr.com
Brigitte,Metzger,"Inge Beisheim Platz 62",Embsen,21409,BrigitteMetzger@armyspy.com
Alexander,Fassbinder,"Hardenbergstraße 66",Welchweiler,66887,AlexanderFassbinder@jourrapide.com
Jan,Wulf,"Augsburger Straße 98","Hattingen Bredenscheid-Stüter",45529,JanWulf@jourrapide.com
Ulrich,Kaestner,"Bleibtreustraße 56",Moos,78345,UlrichKaestner@gustr.com
Angelika,Goldschmidt,"Inge Beisheim Platz 47",Tangstedt,22887,AngelikaGoldschmidt@armyspy.com
Dirk,Ebersbach,"Knesebeckstraße 74",Finnentrop,57413,DirkEbersbach@armyspy.com
Niklas,Saenger,"Ansbacher Strasse 2",Kinheim,54538,NiklasSaenger@fleckens.hu
Dennis,Konig,"Brandenburgische Straße 35","Berlin Mariendorf",12107,DennisKonig@einrot.com
Lisa,Ackerman,"Hallesches Ufer 49",Lebach,66811,LisaAckerman@cuvox.de
René,Nadel,"Messedamm 60",Cossebaude,01459,ReneNadel@cuvox.de
Manuela,Vogel,"Bleibtreustraße 75",Mahlberg,77972,ManuelaVogel@armyspy.com
Frank,Eichelberger,"Grolmanstraße 17","Bremen Lessum",28759,FrankEichelberger@einrot.com
Lucas,Schmidt,"Koenigstrasse 18",Uder,37314,LucasSchmidt@jourrapide.com
Michelle,Zimmerman,"An der Alster 89",Ellenberg,55765,MichelleZimmerman@fleckens.hu
Uwe,Schroder,"Augsburger Strasse 68",Neunkirchen,54426,UweSchroder@cuvox.de
Jennifer,Faust,"Flughafenstrasse 81",Amberg,92208,JenniferFaust@gustr.com
Michelle,Feierabend,"Flotowstr. 2",Wolfen,06754,MichelleFeierabend@teleworm.us
Kerstin,Hofmann,"Lietzenburger Strasse 97",Siegburg,53721,KerstinHofmann@cuvox.de
Ulrich,Mauer,"Sonnenallee 40",Augsburg,86165,UlrichMauer@dayrep.com
Maria,Reinhard,"Albrechtstrasse 24",Kissing,86425,MariaReinhard@fleckens.hu
Philipp,Trommler,"Pohlstrasse 70",Tappenbeck,38479,PhilippTrommler@dayrep.com
Paul,Zimmer,"Schaarsteinweg 82",Aufhausen,93089,PaulZimmer@superrito.com
Ulrike,Zimmer,"Pappelallee 73",Bärenstein,09469,UlrikeZimmer@armyspy.com
Florian,Rothstein,"Unter den Linden 32",Neubrandenburg,17034,FlorianRothstein@dayrep.com
Kathrin,Wurfel,"Waßmannsdorfer Chaussee 71","Hamburg Altona-Nord",20257,KathrinWurfel@cuvox.de
Angelika,Ackerman,"Luckenwalder Strasse 5",Lohheide,29303,AngelikaAckerman@fleckens.hu
Doreen,Farber,"Mellingburgredder 63",Weißenburg,91775,DoreenFarber@einrot.com
Tom,Baum,"Schönwalder Allee 89",Lammershagen,24238,TomBaum@dayrep.com
Kerstin,Kirsch,"Lietzenburger Strasse 35",Marienheide,51709,KerstinKirsch@jourrapide.com
Maik,Kirsch,"Storkower Strasse 33",Plaidt,56637,MaikKirsch@superrito.com
Matthias,Baer,"Prager Str 41",Andechs,82346,MatthiasBaer@fleckens.hu
Leah,Frey,"Büsingstrasse 8",Dachau,85204,LeahFrey@superrito.com
Barbara,Sanger,"Buelowstrasse 73",Oberrod,56479,BarbaraSanger@fleckens.hu
Stefan,Weiß,"Lietzenburger Straße 22",Samern,48465,StefanWeiss@fleckens.hu
Birgit,Vogt,"Pohlstrasse 90",Winnigstedt,38170,BirgitVogt@dayrep.com
Daniel,Waechter,"Luebeckertordamm 6",Hartenstein,91235,DanielWaechter@rhyta.com
Angelika,Nagel,"Luetzowplatz 94",Gransdorf,54533,AngelikaNagel@armyspy.com
Tim,Strauss,"Alter Wall 84",Großheubach,63917,TimStrauss@dayrep.com
Christin,Ehrlichmann,"Feldstrasse 53",Wernigerode,38843,ChristinEhrlichmann@armyspy.com
Christin,Krause,"Fugger Strasse 5","Koblenz Vorstadt",56073,ChristinKrause@gustr.com
Annett,Fink,"Hermannstrasse 80",Eimsheim,55278,AnnettFink@fleckens.hu
Peter,Reinhard,"Kantstrasse 55",Oberasbach,90522,PeterReinhard@cuvox.de
Peter,Müller,"Feldstrasse 63",Blankensee,14959,PeterMuller@gustr.com
Martina,Fenstermacher,"Hallesches Ufer 22",Dettingen,73265,MartinaFenstermacher@superrito.com
Petra,Engel,"Kastanienallee 86",Schwerinsdorf,26835,PetraEngel@dayrep.com
Stefan,Winkel,"Unter den Linden 87",Magdeburg,39118,StefanWinkel@einrot.com
Kevin,Seiler,"Unter den Linden 19",Magdeburg,39040,KevinSeiler@gustr.com
Maria,Winkel,"Gruenauer Strasse 35",Jesteburg,21266,MariaWinkel@superrito.com
Sophia,Bieber,"Frankfurter Allee 51","Freiburg Munzingen",79112,SophiaBieber@jourrapide.com
Birgit,Schroeder,"Hoheluftchaussee 62",Lommatzsch,01621,BirgitSchroeder@fleckens.hu
Janina,Herman,"Alt Reinickendorf 90",Legau,87764,JaninaHerman@fleckens.hu
Bernd,Lemann,"Luebecker Strasse 71",Pommersfelden,96178,BerndLemann@einrot.com
Lukas,Schmid,"Brandenburgische Strasse 73",Insheim,76865,LukasSchmid@teleworm.us
Patrick,Ehrlichmann,"Schönwalder Allee 47",Großenbrode,23775,PatrickEhrlichmann@fleckens.hu
Sophie,Kaufmann,"Park Str. 35","Solingen Merscheid",42697,SophieKaufmann@einrot.com
Marie,Schmid,"Wallstrasse 83",Waldorf,53498,MarieSchmid@gustr.com
Daniela,Bieber,"Leopoldstraße 21","Berlin Britz",12347,DanielaBieber@armyspy.com
Thorsten,Ziegler,"Augsburger Straße 73","Hattingen Niederwenigern",45529,ThorstenZiegler@jourrapide.com
Sophie,Baumgartner,"Waßmannsdorfer Chaussee 19","Berlin Wittenau",13437,SophieBaumgartner@rhyta.com
Johanna,Schwab,"Am Borsigturm 61","Neuss Holzheim",41472,JohannaSchwab@einrot.com
Michelle,Frankfurter,"Mohrenstrasse 93",Emeringen,88499,MichelleFrankfurter@armyspy.com
Manuela,Pfeiffer,"Brandenburgische Straße 7","Berlin Neukölln",10965,ManuelaPfeiffer@teleworm.us
Marko,Gruenewald,"Motzstr. 1",Alzey,55232,MarkoGruenewald@superrito.com
Maximilian,Baumgaertner,"Charlottenstrasse 74",Cottbus,03001,MaximilianBaumgaertner@rhyta.com
Kristian,Kaestner,"Hallesches Ufer 2",Kohlberg,92702,KristianKaestner@teleworm.us
Stefanie,Fried,"Alt Reinickendorf 83",Meitingen,86400,StefanieFried@gustr.com
Stephanie,Aachen,"Fugger Strasse 93","Koblenz Pfaffendorf",56076,StephanieAachen@jourrapide.com
Uta,Hahn,"Kantstraße 72",Auerbach,94530,UtaHahn@einrot.com
Andrea,Achen,"Albrechtstrasse 92",Ingolstadt,85018,AndreaAchen@superrito.com
Jana,Schwartz,"Heinrich Heine Platz 4",Bautzen,02603,JanaSchwartz@dayrep.com
Nadine,Glockner,"Kastanienallee 20",Friedrichskoog,25718,NadineGlockner@jourrapide.com
Thomas,Bachmeier,"Park Str. 52","Köln Innenstadt",50674,ThomasBachmeier@dayrep.com
Wolfgang,Abend,"Albrechtstrasse 92",Kempten,87402,WolfgangAbend@gustr.com
Paul,Fiedler,"Augsburger Strasse 56",Mittelhof,57537,PaulFiedler@teleworm.us
Kathrin,Ritter,"Mollstrasse 43",Stadecken-Elsheim,55271,KathrinRitter@einrot.com
Thomas,Urner,"Pohlstrasse 76",Beierstedt,38382,ThomasUrner@cuvox.de
Felix,Maier,"Marseiller Strasse 2",Farchant,82490,FelixMaier@rhyta.com
Swen,Richter,"Güntzelstrasse 81",Herbstmühle,54673,SwenRichter@cuvox.de
Anja,Müller,"Budapester Strasse 59",Wilstedt,27412,AnjaMuller@einrot.com
Anna,Braun,"Ufnau Strasse 84",Marktoberdorf,87611,AnnaBraun@dayrep.com
Juliane,Schmid,"Heinrich Heine Platz 94",Neusalza-Spremberg,02740,JulianeSchmid@superrito.com
Nadine,Bürger,"Ruschestrasse 12",Stendal,39551,NadineBurger@cuvox.de
Maik,Dreher,"Ufnau Strasse 99",Dietmannsried,87463,MaikDreher@rhyta.com
Michelle,Fink,"Paul-Nevermann-Platz 98",Ramsthal,97729,MichelleFink@rhyta.com
Dirk,Seiler,"Kurfuerstendamm 6",München,80006,DirkSeiler@dayrep.com
Benjamin,Roth,"Augsburger Strasse 85",Harbach,57520,BenjaminRoth@einrot.com
Tom,Barth,"Lietzenburger Straße 86","Groß Oesingen",29393,TomBarth@armyspy.com
Ute,Meyer,"Augsburger Strasse 90",Schutzbach,57520,UteMeyer@rhyta.com
Annett,Frankfurter,"Storkower Strasse 34",Zimmerschied,56379,AnnettFrankfurter@rhyta.com
Jens,Eggers,"Billwerder Neuer Deich 1",Hof,95013,JensEggers@armyspy.com
Ralph,Amsel,"Rohrdamm 41",Munster,29633,RalphAmsel@teleworm.us
Diana,Schmitt,"Konstanzer Strasse 10",Rothenbuch,63860,DianaSchmitt@dayrep.com
René,Vogel,"Pohlstrasse 37",Gevensleben,38384,ReneVogel@armyspy.com
Marina,Scholz,"Mohrenstrasse 25",Lauterach,89584,MarinaScholz@dayrep.com
Anke,Reiniger,"Lietzenburger Straße 7",Jameln,29479,AnkeReiniger@superrito.com
Sabine,Baecker,"An Der Urania 88",Ahrenstedt,24787,SabineBaecker@cuvox.de
Tanja,Maier,"Paderborner Strasse 84",Erdweg,85251,TanjaMaier@teleworm.us
Tom,Faber,"Konstanzer Strasse 2","Bad Orb",63619,TomFaber@superrito.com
Paul,Ackermann,"Jahnstrasse 88","Bad Feilnbach",83072,PaulAckermann@armyspy.com
Leonie,Werfel,"Bleibtreustraße 70",Dettighofen,79802,LeonieWerfel@jourrapide.com
Frank,Becker,"Rudower Chaussee 11",Lübeck,23523,FrankBecker@jourrapide.com
Erik,Friedmann,"Meininger Strasse 62",Schiffweiler,66575,ErikFriedmann@cuvox.de
Leon,Seiler,"Landsberger Allee 5",München,80059,LeonSeiler@fleckens.hu
Doreen,Hoover,"Los-Angeles-Platz 39",Braunschweig,38114,DoreenHoover@einrot.com
Ines,Kuster,"Budapester Strasse 25",Bülstedt,27412,InesKuster@superrito.com
Manuela,Hartmann,"Pasewalker Straße 22","Pforzheim Eutingen",75181,ManuelaHartmann@teleworm.us
Jana,Ackerman,"Mellingburgredder 75",Erlangen,91006,JanaAckerman@armyspy.com
Martina,Freud,"Hoheluftchaussee 5",Goldschau,06721,MartinaFreud@superrito.com
Jörg,Kastner,"Stresemannstr. 84","St Wendel",66594,JorgKastner@cuvox.de
Petra,Koch,"Waldowstr. 28",Vellberg,74541,PetraKoch@superrito.com
Mario,Wannemaker,"Frankfurter Allee 21","Karlsruhe Weststadt",76135,MarioWannemaker@cuvox.de
Alexander,Amsel,"Hochstrasse 61",Westerland,25963,AlexanderAmsel@dayrep.com
Diana,Wannemaker,"Adenauerallee 74",Röbel,17204,DianaWannemaker@gustr.com
Bernd,Dresner,"Leopoldstraße 81",Ahrensfelde,16356,BerndDresner@cuvox.de
Anne,Koenig,"Fugger Strasse 76",Potsdam,14414,AnneKoenig@fleckens.hu
Christin,Eiffel,"Gubener Str. 52",Rohrdorf,72229,ChristinEiffel@cuvox.de
Mike,Reiniger,"Hoheluftchaussee 49",Mügeln,04767,MikeReiniger@dayrep.com
Alexander,Faust,"Gotthardstrasse 58",Erfurt,99012,AlexanderFaust@fleckens.hu
Leon,Ehrlichmann,"Mellingburgredder 92",Poxdorf,91099,LeonEhrlichmann@fleckens.hu
Nicole,Keller,"Rankestraße 20",Inning,82266,NicoleKeller@jourrapide.com
Tobias,Wagner,"Leopoldstraße 98","Berlin Heiligensee",13505,TobiasWagner@gustr.com
Christin,Braun,"Holstenwall 60",Arnstedt,06333,ChristinBraun@dayrep.com
Phillipp,Farber,"An der Schillingbrucke 87",Hochdorf,88454,PhillippFarber@fleckens.hu
Katrin,Schreiber,"Hardenbergstraße 40",Ohmbach,66903,KatrinSchreiber@fleckens.hu
Sophie,Weissmuller,"Neuer Jungfernstieg 90",Elsendorf,84094,SophieWeissmuller@armyspy.com
Melanie,Eberhart,"Lietzenburger Strasse 3","Bergisch Gladbach Moitzfeld",51429,MelanieEberhart@rhyta.com
Diana,Ebersbach,"Lietzensee-Ufer 38",Schmiedeberg,01760,DianaEbersbach@fleckens.hu
Lisa,Weiss,"Bleibtreustrasse 29","Paderborn Kernstadt",33102,LisaWeiss@fleckens.hu
Luca,Walter,"Waßmannsdorfer Chaussee 72","Berlin Wilmersdorf",14055,LucaWalter@rhyta.com
Ralf,König,"Fontenay 64",Wunsiedel,95622,RalfKonig@jourrapide.com
Martina,Urner,"Charlottenstrasse 5",Cottbus,03022,MartinaUrner@rhyta.com
Jana,Dreher,"Ellmenreichstrasse 68",Igensdorf,91338,JanaDreher@armyspy.com
Patrick,Naumann,"Mollstrasse 51","Mainz Drais",55127,PatrickNaumann@teleworm.us
Frank,Fuhrmann,"Ellmenreichstrasse 69",Harsdorf,95499,FrankFuhrmann@dayrep.com
Karin,Freitag,"Hardenbergstraße 49",Kusel,66869,KarinFreitag@rhyta.com
Melanie,Traugott,"Genterstrasse 48",Kiel,24100,MelanieTraugott@gustr.com
Yvonne,Wirth,"Koenigstrasse 80",Heringen,99764,YvonneWirth@teleworm.us
Lisa,Theissen,"Gotzkowskystraße 63",Dillingen,66748,LisaTheissen@dayrep.com
Maximilian,Drechsler,"Scharnweberstrasse 31","Mannheim Quadrate",68161,MaximilianDrechsler@jourrapide.com
Martin,Schroder,"Kieler Strasse 11",Ruhpolding,83321,MartinSchroder@superrito.com
Christina,Meyer,"Prager Str 76",Herrsching,82211,ChristinaMeyer@armyspy.com
Sophia,Maier,"Messedamm 59",Dresden,01174,SophiaMaier@fleckens.hu
Sabine,Oster,"Chausseestr. 5",Pinneberg,25411,SabineOster@fleckens.hu
Dennis,Frankfurter,"Leopoldstraße 87",Bochum,44809,DennisFrankfurter@jourrapide.com
Kristian,Fischer,"Grolmanstraße 33","Bremen Kattenesch",28277,KristianFischer@fleckens.hu
Sophie,Nacht,"An der Schillingbrucke 96","Aalen Unterrombach",73434,SophieNacht@jourrapide.com
Angelika,Huber,"Motzstr. 98",Warmsroth,55442,AngelikaHuber@einrot.com
Tanja,Schmid,"Ziegelstr. 94",Spiegelau,94515,TanjaSchmid@superrito.com
Marko,Nadel,"Lange Strasse 62",Unterföhring,85767,MarkoNadel@cuvox.de
Jan,Pfeifer,"Guentzelstrasse 11",Rasdorf,36169,JanPfeifer@jourrapide.com
Martin,Hertzog,"Hardenbergstraße 13",Ehweiler,66871,MartinHertzog@jourrapide.com
Jessika,Hartmann,"Gotzkowskystraße 71",Issum,47661,JessikaHartmann@jourrapide.com
Ralph,Koertig,"Gotthardstrasse 98",Chemnitz,09034,RalphKoertig@fleckens.hu
Ralf,Loewe,"Stresemannstr. 27",Namborn,66640,RalfLoewe@armyspy.com
Anke,Baer,"Sonnenallee 82",Augsburg,86163,AnkeBaer@rhyta.com
Anne,Ziegler,"Hedemannstasse 10",Saulgau,88348,AnneZiegler@rhyta.com
Mario,Meister,"Karl-Liebknecht-Strasse 7",Hanstedt,29582,MarioMeister@fleckens.hu
Manuela,Himmel,"Landsberger Allee 29",München,80083,ManuelaHimmel@fleckens.hu
Angelika,Metzger,"Boxhagener Str. 27","Hamburg Eppendorf",20249,AngelikaMetzger@cuvox.de
René,Bosch,"Gotthardstrasse 91",Chemnitz,09024,ReneBosch@superrito.com
Marina,Hoffmann,"Kastanienallee 64",Walchum,26907,MarinaHoffmann@jourrapide.com
Klaudia,Huber,"Mollstrasse 96",Dienheim,55276,KlaudiaHuber@jourrapide.com
Patrick,Mehler,"Heinrich Heine Platz 58",Buchholz,99762,PatrickMehler@superrito.com
Anna,Schmitz,"Hochstrasse 35",Westerland,25966,AnnaSchmitz@jourrapide.com
Philipp,Freitag,"Luckenwalder Strasse 68",Stedesdorf,26427,PhilippFreitag@armyspy.com
Christian,Schneider,"Reeperbahn 47",Zwota,08267,ChristianSchneider@gustr.com
Lukas,Pfeffer,"Reeperbahn 78",Lichtentanne,08113,LukasPfeffer@rhyta.com
Daniel,Konig,"Brandenburgische Straße 91","Berlin Marienfelde",12279,DanielKonig@teleworm.us
Phillipp,Schweizer,"Leipziger Strasse 63","Ludwigshafen am Rhein Mundenheim",67059,PhillippSchweizer@rhyta.com
Mario,Eisenhauer,"Billwerder Neuer Deich 12",Speichersdorf,95467,MarioEisenhauer@armyspy.com
Kristin,Freitag,"Pohlstrasse 18",Warberg,38378,KristinFreitag@armyspy.com
Anna,Hertzog,"Ansbacher Strasse 82",Bärenbach,55758,AnnaHertzog@armyspy.com
Eric,Achen,"Grosse Praesidenten Str. 36",Königheim,97953,EricAchen@armyspy.com
Stefan,Schroeder,"Fasanenstrasse 96","Hamburg Nienstedten",22607,StefanSchroeder@einrot.com
Philipp,Schaefer,"Leopoldstraße 35",Siegen,57074,PhilippSchaefer@cuvox.de
Johanna,Werner,"Rudower Strasse 89",Manderscheid,54531,JohannaWerner@cuvox.de
Katrin,Beckenbauer,"Waldowstr. 59",Obergröningen,73569,KatrinBeckenbauer@armyspy.com
Niklas,Lemann,"Kastanienallee 93",Südbrookmerland,26624,NiklasLemann@einrot.com
Maik,Roth,"Joachimstaler Str. 90",Gemünden,55490,MaikRoth@cuvox.de
Sarah,Ostermann,"Feldstrasse 98",Brüssow,17495,SarahOstermann@einrot.com
Benjamin,Beyer,"Feldstrasse 76",Abbenrode,38871,BenjaminBeyer@superrito.com
Sarah,Baader,"Straße der Pariser Kommune 61","Köln Innenstadt",50679,SarahBaader@rhyta.com
Lucas,Urner,"Grolmanstraße 62","Bremen Osterholz",28307,LucasUrner@fleckens.hu
Anja,Brandt,"Oldesloer Strasse 65",Suhl,98508,AnjaBrandt@gustr.com
Max,Berg,"Bayreuther Strasse 95","Reutlingen Gönningen",72768,MaxBerg@dayrep.com
Ulrich,Klug,"Anhalter Strasse 75",Waldgrehweiler,67822,UlrichKlug@gustr.com
Kathrin,Gerste,"Oldesloer Strasse 56","Bad Sülze",18331,KathrinGerste@cuvox.de
Anne,Gersten,"Rudower Strasse 46",Metterich,54634,AnneGersten@cuvox.de
Stefan,Luft,"Alt-Moabit 34",Beeskow,15841,StefanLuft@superrito.com
Thorsten,Freytag,"Hans-Grade-Allee 83",Handewitt,24983,ThorstenFreytag@rhyta.com
Torsten,Freitag,"Kantstraße 89",Auerbach,08209,TorstenFreitag@cuvox.de
Markus,Lehrer,"Hermannstrasse 35",Neckarsteinach,69239,MarkusLehrer@fleckens.hu
David,Fried,"Stuttgarter Platz 33",Großholbach,56412,DavidFried@gustr.com
Kristin,Hueber,"Eschenweg 83",Clausberg,99817,KristinHueber@superrito.com
Michelle,Friedmann,"Bayreuther Strasse 25","Reutlingen Südstadt",72766,MichelleFriedmann@jourrapide.com
Vanessa,Gottschalk,"Ziegelstr. 39",Freyung,94073,VanessaGottschalk@superrito.com
Jonas,Junker,"Lietzenburger Straße 3","Bad Bentheim",48455,JonasJunker@superrito.com
Kevin,Beich,"Rudower Chaussee 90","Bad Kissingen",97672,KevinBeich@rhyta.com
Jessica,Busch,"Kieler Strasse 13",Erharting,84513,JessicaBusch@jourrapide.com
Mike,Moench,"Pohlstrasse 96",Räbke,38375,MikeMoench@cuvox.de
Frank,Lange,"Sonnenallee 25",Augsburg,86009,FrankLange@gustr.com
Daniel,Ritter,"Lange Strasse 19",München,81925,DanielRitter@fleckens.hu
Kristian,Herz,"Wallstrasse 79",Burgbrohl,56659,KristianHerz@teleworm.us
Bernd,Freud,"Meininger Strasse 78",Neunkirchen,66518,BerndFreud@rhyta.com
Klaudia,Kaufmann,"Gubener Str. 8",Rosenheim,83026,KlaudiaKaufmann@rhyta.com
Florian,Kaufmann,"Flotowstr. 39","Lutherstadt Wittenberg",06873,FlorianKaufmann@einrot.com
Sara,Meyer,"Landsberger Allee 65",München,80639,SaraMeyer@rhyta.com
Eric,Decker,"Hedemannstasse 18",Ostrach,88356,EricDecker@fleckens.hu
Tom,Kappel,"Kurfuerstendamm 80",Gräfelfing,82153,TomKappel@gustr.com
Martina,Freeh,"Feldstrasse 26",Eichenbarleben,39167,MartinaFreeh@dayrep.com
Karin,Wagner,"Alt-Moabit 15",Aue,06618,KarinWagner@jourrapide.com
Klaus,Papst,"Straße der Pariser Kommune 49","Köln Porz",51105,KlausPapst@gustr.com
Katrin,Mayer,"Lietzenburger Strasse 35",Elsdorf,50189,KatrinMayer@armyspy.com
Lea,Boehm,"Hollander Strasse 19",Lollar,35457,LeaBoehm@einrot.com
Bernd,Farber,"Borstelmannsweg 72",Michelau,96243,BerndFarber@gustr.com
Anke,Schweizer,"Pasewalker Straße 89",Backnang,71522,AnkeSchweizer@jourrapide.com
Max,Loewe,"Lietzenburger Straße 55",Gartow,29471,MaxLoewe@armyspy.com
Silke,Eberhardt,"Kieler Strasse 16",Taufkirchen,82024,SilkeEberhardt@fleckens.hu
Tobias,Hirsch,"An Der Urania 68",Huje,25588,TobiasHirsch@cuvox.de
Benjamin,Peters,"Spresstrasse 92","Bielefeld Bethel",33617,BenjaminPeters@einrot.com
Erik,Krueger,"Brandenburgische Straße 93","Berlin Kreuzberg",10963,ErikKrueger@dayrep.com
Uwe,Kalb,"Kantstraße 94",Crottendorf,09472,UweKalb@einrot.com
Florian,Gersten,"Rathausstrasse 90",Nürnberg,90120,FlorianGersten@dayrep.com
Christin,Lang,"Lietzensee-Ufer 19",Lübbenau,03218,ChristinLang@rhyta.com
Martin,Himmel,"Pasewalker Straße 85",Baden-Baden,76534,MartinHimmel@fleckens.hu
Mandy,Kuester,"Potsdamer Platz 27",Wettstetten,85139,MandyKuester@rhyta.com
Anke,Bachmeier,"Heinrich Heine Platz 45",Blankenhain,99443,AnkeBachmeier@dayrep.com
Julia,Eichmann,"Wallstrasse 8",Hammerstein,56598,JuliaEichmann@cuvox.de
Torsten,Aachen,"Billwerder Neuer Deich 88","Bad Berneck",95460,TorstenAachen@teleworm.us
David,Goldschmidt,"Pasewalker Straße 37",Bühl,77815,DavidGoldschmidt@einrot.com
Luca,Baier,"Knesebeckstraße 13",Senden,89250,LucaBaier@rhyta.com
Benjamin,Baum,"Wallstrasse 6",Wehr,56653,BenjaminBaum@teleworm.us
Jens,Krueger,"Lietzenburger Straße 75",Handrup,49838,JensKrueger@cuvox.de
Sabrina,Fischer,"Motzstr. 28",Wallhausen,55595,SabrinaFischer@gustr.com
Sabrina,Neustadt,"Unter den Linden 27",Magdeburg,39004,SabrinaNeustadt@fleckens.hu
Marie,Nacht,"Mühlenstrasse 75",Würzburg,97002,MarieNacht@gustr.com
Daniela,Seiler,"Heinrich Heine Platz 97","Heilbad Heiligenstadt",37301,DanielaSeiler@fleckens.hu
Karolin,Schreiber,"Leipziger Straße 87",Staufenberg,35460,KarolinSchreiber@fleckens.hu
Marina,Berg,"Hochstrasse 89",Goldebek,25862,MarinaBerg@gustr.com
Jana,Pfeiffer,"Pasewalker Straße 45","Pforzheim Innenstadt",75175,JanaPfeiffer@superrito.com
Christina,Eichmann,"Leipziger Straße 58",Melsungen,34212,ChristinaEichmann@dayrep.com
Jens,Frueh,"Prager Str 42",Fürstenfeldbruck,82256,JensFrueh@rhyta.com
Anne,Wulf,"Grolmanstraße 92","Bremen Regensburger Straße",28215,AnneWulf@dayrep.com
Monika,Huber,"Stuttgarter Platz 87",Isenburg,56271,MonikaHuber@gustr.com
Anne,Frueh,"Storkower Strasse 87",Ettinghausen,56244,AnneFrueh@teleworm.us
Mike,Propst,"Schmarjestrasse 18",Chamerau,93466,MikePropst@armyspy.com
Sophia,Fuhrmann,"Scharnweberstrasse 58","Mannheim Lindenhof",68163,SophiaFuhrmann@rhyta.com
Uta,Fiedler,"Rudolstaedter Strasse 18",Geiselbach,63826,UtaFiedler@einrot.com
Max,Fenstermacher,"Knesebeckstrasse 43",Krunkel,56593,MaxFenstermacher@rhyta.com
Patrick,Sanger,"Augsburger Straße 34","Witten Heven",58456,PatrickSanger@einrot.com
Uta,Koertig,"Landsberger Allee 70",München,80064,UtaKoertig@einrot.com
Marina,Wolf,"Luetzowplatz 79",Betten,03238,MarinaWolf@armyspy.com
Marko,Herzog,"Karl-Liebknecht-Strasse 74","Bad Bramstedt",24569,MarkoHerzog@dayrep.com
Annett,Weiss,"Büsingstrasse 79",Odelzhausen,85233,AnnettWeiss@superrito.com
Ursula,Friedman,"Kieler Strasse 49",Buchbach,98743,UrsulaFriedman@rhyta.com
Annett,Abt,"Mellingburgredder 94",Herzogenaurach,91074,AnnettAbt@dayrep.com
Lukas,Koertig,"Brandenburgische Str. 72",Neckartailfingen,72666,LukasKoertig@einrot.com
Michael,Hartmann,"Leipziger Strasse 20","Minden Dankersen",32423,MichaelHartmann@dayrep.com
Dennis,Maurer,"Lietzenburger Straße 68",Lathen,49762,DennisMaurer@fleckens.hu
Thomas,Bar,"Motzstr. 60",Hillesheim,54576,ThomasBar@armyspy.com
René,Schwarz,"Motzstr. 98",Albig,55234,ReneSchwarz@einrot.com
Silke,Wexler,"Messedamm 5",Altfranken,01462,SilkeWexler@armyspy.com
Johanna,Propst,"Prager Str 80",Eching,85379,JohannaPropst@rhyta.com
Katharina,Schulz,"Sömmeringstr. 20",Karlsdorf-Neuthard,76689,KatharinaSchulz@gustr.com
Anne,Sommer,"Borstelmannsweg 96",Großheirath,96269,AnneSommer@fleckens.hu
Frank,Bieber,"Leopoldstraße 10",Bochum,44805,FrankBieber@gustr.com
Stephan,Neumann,"Friedrichstrasse 17","Oberhausen Königshardt",46149,StephanNeumann@einrot.com
Petra,Friedman,"Genterstrasse 64",Kronshagen,24119,PetraFriedman@einrot.com
Barbara,Ostermann,"Rohrdamm 95",Wendeburg,38176,BarbaraOstermann@einrot.com
Tim,Möller,"Paderborner Strasse 82",Gersthofen,86357,TimMoller@superrito.com
Sara,Baum,"Amsinckstrasse 18",Großräschen,01980,SaraBaum@dayrep.com
Petra,Farber,"Anhalter Strasse 73",Landstuhl,66849,PetraFarber@teleworm.us
Torsten,Werfel,"Alt-Moabit 32",Ebersbach,73061,TorstenWerfel@fleckens.hu
Sara,Herzog,"Am Borsigturm 81","Neuss Furth-Nord",41462,SaraHerzog@jourrapide.com
Sophia,Gerber,"Eschenweg 9",Jena,07715,SophiaGerber@jourrapide.com
Tom,Krüger,"Pohlstrasse 5",Langelsheim,38685,TomKruger@jourrapide.com
Dominik,Schweitzer,"Eschenweg 77",Jena,07725,DominikSchweitzer@gustr.com
Swen,Klug,"Leopoldstraße 37","Berlin Bohnsdorf",12526,SwenKlug@superrito.com
Philipp,Naumann,"Kantstraße 59",Mittweida,09642,PhilippNaumann@gustr.com
Maik,Hoffmann,"Grosse Praesidenten Str. 47",Ingelfingen,74653,MaikHoffmann@rhyta.com
Martin,Wexler,"Flughafenstrasse 86",Dieterskirchen,92542,MartinWexler@fleckens.hu
Sven,Beich,"Mollstrasse 46","Bad Schwalbach",65307,SvenBeich@einrot.com
Karolin,Ziegler,"Jahnstrasse 50",Kirchseeon,85614,KarolinZiegler@teleworm.us
Tim,Koenig,"Alsterkrugchaussee 14",Schwabach,91101,TimKoenig@armyspy.com
Barbara,Schäfer,"Rankestraße 41",Hemau,93153,BarbaraSchafer@teleworm.us
Lukas,Theissen,"Rudower Strasse 99",Herzfeld,54619,LukasTheissen@fleckens.hu
Max,Fuchs,"Bayreuther Strasse 52","Reutlingen Markwasen",72762,MaxFuchs@gustr.com
Marcel,Abend,"Boxhagener Str. 53","Hamburg Borgfelde",20537,MarcelAbend@superrito.com
Anne,Bar,"Borstelmannsweg 61",Luhe-Wildenau,92706,AnneBar@einrot.com
Daniel,Eggers,"Motzstr. 88",Waldalgesheim,55425,DanielEggers@superrito.com
Tobias,Busch,"Marseiller Strasse 91","Bad Kohlgrub",82433,TobiasBusch@superrito.com
Christina,Baumgaertner,"Luckenwalder Strasse 79",Diekholzen,31199,ChristinaBaumgaertner@rhyta.com
Kathrin,Ebersbacher,"Meinekestraße 66",Elbingerode,38872,KathrinEbersbacher@gustr.com
Klaus,Kluge,"Mühlenstrasse 11",Regensburg,93041,KlausKluge@gustr.com
Alexander,Wagner,"Konstanzer Strasse 51",Leidersbach,63847,AlexanderWagner@fleckens.hu
Stefanie,Luft,"Flotowstr. 29",Wolfen,06754,StefanieLuft@fleckens.hu
René,Ritter,"Ollenhauer Str. 2","Stuttgart Hedelfingen",70329,ReneRitter@rhyta.com
Sabrina,Hoffmann,"Fontenay 94",Sparneck,95234,SabrinaHoffmann@rhyta.com
Janina,Ackerman,"Paderborner Strasse 1",Kühbach,86555,JaninaAckerman@jourrapide.com
Paul,Eggers,"Meinekestraße 82",Georgsmarienhütte,49124,PaulEggers@cuvox.de
Manuela,Pabst,"Eichendorffstr. 46",Meckenbeuren,88074,ManuelaPabst@armyspy.com
Philipp,Gloeckner,"Ufnau Strasse 84",Füssen,87621,PhilippGloeckner@armyspy.com
Sabrina,Kaestner,"Luebecker Strasse 52",Roding,93422,SabrinaKaestner@cuvox.de
Tim,Mueller,"Bissingzeile 60",Stinstedt,21772,TimMueller@fleckens.hu
Markus,Papst,"Flotowstr. 17",Großörner,06348,MarkusPapst@cuvox.de
Marina,Faerber,"Lietzenburger Straße 8",Osterwald,49828,MarinaFaerber@fleckens.hu
Birgit,Weiß,"Hermannstrasse 82",Bechtheim,67595,BirgitWeiss@cuvox.de
Paul,Jung,"Rudower Chaussee 68","Bottrop Süd-West-Innenstadt",46242,PaulJung@gustr.com
Anja,Schulze,"Rankestraße 80",Pocking,94054,AnjaSchulze@cuvox.de
Tom,Schreiber,"Anhalter Strasse 97",Relsberg,67753,TomSchreiber@teleworm.us
Mike,Wagner,"Bleibtreustraße 43",Gengenbach,77723,MikeWagner@dayrep.com
Dominik,Ehrlichmann,"An Der Urania 48",Krempe,25359,DominikEhrlichmann@gustr.com
Susanne,Boehm,"Fugger Strasse 82",Potsdam,14403,SusanneBoehm@jourrapide.com
Sophie,Muench,"Leopoldstraße 6","Berlin Borsigwalde",13509,SophieMuench@gustr.com
Gabriele,Frueh,"Rosenstrasse 65",München,81455,GabrieleFrueh@fleckens.hu
Sophie,Hoch,"Reeperbahn 88",Tessin,18192,SophieHoch@dayrep.com
Annett,Traugott,"Schaarsteinweg 85",Stamsried,93491,AnnettTraugott@armyspy.com
Benjamin,Müller,"Gotthardstrasse 38",Chemnitz,09037,BenjaminMuller@superrito.com
Christina,Glockner,"Rhinstrasse 21",München,80714,ChristinaGlockner@cuvox.de
Markus,Fischer,"Hermannstrasse 25","Heidelberg Schlierbach",69118,MarkusFischer@superrito.com
Yvonne,Ebersbach,"Ansbacher Strasse 30",Oberkirn,55624,YvonneEbersbach@dayrep.com
Heike,Schröder,"Nuernbergerstrasse 49",Wilhelmshaven,26386,HeikeSchroder@teleworm.us
Ralph,Krüger,"Boxhagener Str. 69","Hamburg Horn",22113,RalphKruger@armyspy.com
Christina,Sankt,"Luebeckertordamm 84",Vorra,91247,ChristinaSankt@superrito.com
Swen,Bauer,"Genterstrasse 59",Felm,24244,SwenBauer@einrot.com
Nicole,Huber,"Ollenhauer Str. 97","Stuttgart Stuttgart Flughafen",70629,NicoleHuber@fleckens.hu
Stephan,Braun,"Feldstrasse 13",Amesdorf,39439,StephanBraun@superrito.com
Sabine,Pfeffer,"Brandenburgische Str 6",Badenhard,56291,SabinePfeffer@fleckens.hu
Mandy,Klein,"Ziegelstr. 86",Eging,94535,MandyKlein@superrito.com
Uwe,Brauer,"Flotowstr. 4",Sangerhausen,06513,UweBrauer@superrito.com
